numero	nombre	tema	descripcion	proponente	partido	comision	fecha_turno	fecha_votacion	estado	recursos_adicionales
1	Que reforma, adiciona y deroga diversas disposiciones de la Ley Orgánica de la Armada de México	seguridad, interior, seguridad nacional	Modificar el contenido orgánico y la estructura operativo-militar de la Armada de México. 	Senadores	Senadores	Marina	3/4/10	9/14/11	En Pleno	http://gaceta.diputados.gob.mx/Gaceta/61/2010/mar/20100304-I.html#Min20100304Armada2
2	Proyecto de decreto, que reforma diversas disposiciones de la Ley de Seguridad Nacional. 	seguridad interior, seguridad nacional, seguridad pública	Crear un marco normativo para la intervención de las Fuerzas Armadas en la resolución de asuntos de seguridad interior. 	Senadores	Senadores	Defensa Nacional, Gobernación, Justicia	4/28/10		En Comision	http://gaceta.diputados.gob.mx/Gaceta/61/2010/abr/20100428-I.html#Minuta20100428LeySeguridadNacional
3	Proyecto de decreto, por el que se reforman, adicionan y derogan diversas disposiciones de la Ley Federal de Acceso a la Información y Protección de Datos Personales.	acceso a la información, datos personales, transparencia	Fortalecer resoluciones del IFAI y dotarlo d autonomía, mejorar diseño institucional, aumentar sujetos obligados, limitar restricciones al acceso a la info	Senadores	Senadores	Función Pública, Gobernación, Justicia	4/29/10		En Comision	http://gaceta.diputados.gob.mx/Gaceta/61/2010/abr/20100429-XI.pdf
4	Reforma diversas disposiciones de la Ley de Fondos de Aseguramiento Agropecuario y Rural.	agricultura, auditorías	Los fondos de aseguramiento contarán con una auditoría externa especializada, que permita el desempeño sustentable de sus operaciones.	Alba Leonila Méndez Herrera	PAN	Agricultura y Ganadería	2/8/11		En Comision	http://gaceta.diputados.gob.mx/Gaceta/61/2011/feb/20110208-V.html#Iniciativa13
5	Proyecto de decreto que reforma el artículo 2° de la Ley Federal contra la Delincuencia Organizada.	justicia, seguridad	Considerar los delitos catalogados como graves para sancionar a quienes los cometan como miembros de la delincuencia organizada.	Jorge Antonio Kahwagi Macari	Nueva Alianza	Justicia	2/8/11		En Comision	http://gaceta.diputados.gob.mx/Gaceta/61/2011/feb/20110208-V.html#Iniciativa1
6	Proyecto de decreto que reforma los artículos 10 y 76 Bis de la Ley de Amparo, Reglamentaria de los Artículos 103 y 107 de la Constitución Política de los Estados Unidos Mexicanos	amparo	Facultar a la víctima y al ofendido como titulares del derecho de exigir la reparación del daño o la responsabilidad civil proveniente de un delito, para promover un amparo.	Pedro Vázquez González	PT	Justicia	2/8/11		En Comision	http://gaceta.diputados.gob.mx/Gaceta/61/2011/feb/20110208-V.html#Iniciativa6
7	Proyecto de decreto que reforma los artículos 32 y 43 Bis de la Ley General de Población.	derechos de los migrantes	Obligar al Estado a proteger y garantir el trato digno y humano a todos los inmigrantes y transmigrantes que se encuentren en el país.	Jorge Venustiano González Ilescas 	PRI	Población, Fronteras y Asuntos Migratorios, Gobernación	2/8/11	9/28/11	Desechada en Comision	http://gaceta.diputados.gob.mx/Gaceta/61/2011/feb/20110208-V.html#Iniciativa3
8	Que reforma los artículos 103 y 107 de la Constitución Política de los Estados Unidos Mexicanos,	amparo, garantías individuales	Tribunales federales resolverán las controversias por violación d garantías individuales sin importar la naturaleza jurídica del responsable	Carlos Alberto Pérez Cuevas	PAN	Puntos Constitucionales	2/8/11		En Comision	http://gaceta.diputados.gob.mx/Gaceta/61/2011/feb/20110208-V.html#Iniciativa16
9	Que reforma los artículos 41 y 42 de la Ley Federal de Presupuesto y Responsabilidad Hacendaria.	Plan Nacional de Desarrollo, Sistema de Evaluación del desempeño	Incluir evaluación de avances de objetivos y metas del PND y programas sectoriales con base en el Sistema de Evaluación del Desempeño	Juan Pablo Escobar Martínez	PAN	Presupuesto y Cuenta Pública	2/15/11		En Comision	http://gaceta.diputados.gob.mx/Gaceta/61/2011/feb/20110215-VIII.html#Iniciativa11
10	Proyecto de decreto que reforma el artículo 343 Ter del Código Penal Federal.	justicia, violencia familiar	Equiparar la violencia familiar a la que se produzca en la relación en donde se mantenga una relación de pareja.	Gerardo Del Mazo Morales	Nueva Alianza	Justicia	2/17/11		En Comision	http://gaceta.diputados.gob.mx/Gaceta/61/2011/feb/20110217-V.html#Iniciativa15
11	Que reforma y adiciona diversas disposiciones de la Constitución Política de los Estados Unidos Mexicanos, y de los Códigos Federal de Instituciones y Procedimientos Electorales, y Penal Federal.	participación social, rendición de cuentas, 	Crear órgano colegiado dependiente del IFE e integrado por ciudadanos para evaluar desempeño d los representantes populares y sancionarlos	Jaime Sánchez Vélez	PRI	Gobernación, Justicia, Puntos Constitucionales 	2/17/11		En Comision	http://gaceta.diputados.gob.mx/Gaceta/61/2011/feb/20110210-VI.html#Iniciativa6
12	Que reforma el artículo 35 de la Constitución Política de los Estados Unidos Mexicanos y expide la Ley General de Candidaturas Independientes.	elecciones	Los ciudadanos podrán registrar candidaturas independientes para los cargos de Presidente de la República, senadores y diputados	Jaime Fernando Cárdenas Gracia	PT	Gobernación, Puntos Constitucionales	2/17/11		Desechada por la Mesa Directiva	http://gaceta.diputados.gob.mx/Gaceta/61/2011/feb/20110208-V.html#Iniciativa20
13	Proyecto de decreto que reforma, adiciona y deroga diversas disposiciones de la Ley Orgánica de la Administración Pública Federal, de la Ley Orgánica del Tribunal Federal de Justicia Fiscal y Administrativa, y de la Ley Federal de Responsabilidades Administrativas de los Servidores Públicos.	administración pública federal, 	Facultar al Tribunal Federal de Justicia Fiscal y Administrativa para que impongan sanciones a los servidores públicos por responsabilidad administrativa.	Marcela Guerra Castillo	PRI	Gobernación, Hacienda y Crédito Público, Función Pública	2/17/11		En Comision	http://gaceta.diputados.gob.mx/Gaceta/61/2011/feb/20110210-VI.html#Iniciativa5
14	Proyecto de Decreto que reforma la fracción IV del artículo 29-A del Código Fiscal de la Federación.	transparencia, presupuesto	Incluir en los comprobantes fiscales digitales, el nombre, denominación o razón social y domicilio fiscal de la persona a favor de quien expida.	Francisco Agundis Arias (Senadores)		Hacienda y Crédito Público	2/17/11		En Comision	http://gaceta.diputados.gob.mx/Gaceta/61/2011/feb/20110217-I.html#Iniciativa2
15	Proyecto de decreto que reforma, adiciona y deroga diversas disposiciones de la Ley General para Prevenir y Sancionar los Delitos en Materia de Secuestro, Reglamentaria de la Fracción XXI del artículo 73 de la Constitución Política de los Estados Unidos Mexicanos, del Código Penal Federal y de la Ley Federal contra la Delincuencia Organizada.	justicia, seguridad	Prever sanciones mayores para los delitos en materia de secuestro con condiciones agravadas. 	Congreso del Estado de Chihuahua (Congresos Locales)		Justicia	2/17/11		En Comision	http://gaceta.diputados.gob.mx/Gaceta/61/2011/feb/20110217-I.html#Iniciativa1
16	Proyecto de decreto que reforma y adiciona diversas disposiciones de la Constitución Política de los Estados Unidos Mexicanos, del Código Federal de Instituciones y Procedimientos Electorales, y del Código Penal Federal.	representación popular, evaluación	Crear un órgano ciudadano, dependiente del IFE, para evaluar el desempeño de los representantes.	Jaime Sánchez Vélez	PRI	Justicia	2/17/11		Desechada por la Mesa Directiva	http://gaceta.diputados.gob.mx/Gaceta/61/2011/feb/20110210-VI.html#Iniciativa6
17	Proyecto de decreto que expide la Ley para la Protección y Apoyo a los Migrantes y sus Familias.	derechos de los migrantes	Crear un ordenamiento jurídico que garantice y promueva la protección, el estudio, la divulgación y el ejercicio de los derechos fundamentales de los migrantes.	Juan Carlos López Fernández	PRD	Población, Fronteras y Asuntos Migratorios, Gobernación	2/17/11		En Comision	http://gaceta.diputados.gob.mx/Gaceta/61/2011/feb/20110208-V.html#Iniciativa10
18	Que reforma, adiciona y deroga diversas disposiciones de la Ley Federal de Presupuesto y Responsabilidad Hacendaria	presupuesto, rendición de cuentas, transparencia, publicidad oficial	Incluir en informes trimestrales y Cuenta Pública, y publicar en internet, reportes d fideicomisos, subejercicios y gastos en com. social	César Augusto Santiago Ramírez	PRI	Presupuesto y Cuenta Pública	2/17/11		En Comision	http://gaceta.diputados.gob.mx/Gaceta/61/2011/feb/20110208-V.html#Iniciativa18
19	Que reforma los artículos 74 y 79 de la Constitución Política de los Estados Unidos Mexicanos.	control legislativo, fiscalización	Crear los ”informes individuales” y el “Informe General Ejecutivo” de la Cuenta Pública para sintetizar la info de fiscalización de la ASF	César Augusto Santiago Ramírez	PRI	Puntos Constitucionales	2/17/11	11/8/11	Desechada por la Mesa Directiva	http://gaceta.diputados.gob.mx/Gaceta/61/2011/feb/20110217-V.html#Iniciativa1
20	Que reforma los artículos 67 y 69 de la Constitución Política de los Estados Unidos Mexicanos.	informe presidencial, rendición de cuentas	El Presidente enviará informe escrito a más tardar el 15/ago y en la apertura d sesiones dl 1er periodo acudirá a comparecer ante la Cámara	Olivia Guillén Padilla, Arturo Zamora Jiménez	PRI, PRI	Puntos Constitucionales	2/17/11	11/8/11	Desechada por la Mesa Directiva	http://gaceta.diputados.gob.mx/Gaceta/61/2011/feb/20110208-V.html#Iniciativa8
21	Que reforma y adiciona diversas disposiciones de la Constitución Política de los Estados Unidos Mexicanos	auditorías, rendición de cuentas	Dar autonomía constitucional a la ASF (iniciar leyes, promover controversias), elegir por voto directo de los ciudadanos al auditor superior	Jaime Fernando Cárdenas Gracia	PT	Puntos Constitucionales	2/17/11		En Comision	http://gaceta.diputados.gob.mx/Gaceta/61/2011/feb/20110208-V.html#Iniciativa11
22	Que reforma los artículos 103 y 107 de la Constitución Política de los Estados Unidos Mexicanos, para establecer el amparo social	amparo, derechos colectivos	Cualquier persona podrá interponer un juicio de amparo, de forma individual o en representación de una colectividad	Jaime Fernando Cárdenas Gracia	PT	Puntos Constitucionales	2/17/11	11/8/11	Desechada por la Mesa Directiva	http://gaceta.diputados.gob.mx/Gaceta/61/2011/feb/20110210-VI.html#Iniciativa11
23	Reforma y adiciona diversas disposiciones de la Ley de Petróleos Mexicanos.	energía, Pemex	Crear Unidad d Impacto Social p evaluar daños a la economía o salud d población q se retribuirán con obras públicas d desarrollo sustentable	César Francisco Burelo Burelo	PRD	Energía	2/22/11		En Comision	http://gaceta.diputados.gob.mx/Gaceta/61/2011/feb/20110222-A-IV.html#Iniciativa11
24	Reforma y adiciona diversas disposiciones del Código Federal de Instituciones y Procedimientos Electorales.	elecciones, publicidad oficial	Prohibir publicidad de los gobiernos y candidatos durante campañas electorales, regulaciones p/ recuento de votos y voto en el extranjero.	Javier Corral Jurado, José de Jesús Zambrano Grijalva (suscribe), Jaime Alvarez Cisneros (suscribe)	PAN, PRD, Convergencia	Gobernación	2/22/11		En Comision	http://gaceta.diputados.gob.mx/Gaceta/61/2011/feb/20110222-A-III.html#Iniciativa19
25	Proyecto de decreto que reforma el artículo 176 de la Ley del Impuesto Sobre la Renta.	presupuesto	Deducir el 100% de las colegiaturas, inscripciones y reinscripciones pagadas a instituciones públicas y privadas hasta por 3 hijos.	Jorge Humberto López-Portillo Basave	PRI	Hacienda y Crédito Público	2/22/11		En Comision	http://gaceta.diputados.gob.mx/Gaceta/61/2011/feb/20110222-A-I.html#Iniciativa31
26	Proyecto de decreto que reforma y adiciona diversas disposiciones de la Ley Federal de Defensoría Pública.	justicia	Garantizar el derecho a la defensa en materia civil, de la seguridad social, administrativa y financiera, así como los mecanismos alternativos de solución de controversias. 	Israel Madrigal Ceja	PRD	Justicia	2/22/11		En Comision	http://gaceta.diputados.gob.mx/Gaceta/61/2011/feb/20110222-A-IV.html#Iniciativa5
27	Proyecto de decreto que reforma y adiciona diversas disposiciones de la Ley General de Población.	protección de datos persnoales	El Registro Nacional de Población garantizará la seguridad y confidencialidad de los datos personales. 	Lorena Corona Valdés	PVEM	Población, Fronteras y Asuntos Migratorios, Gobernación	2/22/11		En Comision	http://gaceta.diputados.gob.mx/Gaceta/61/2011/feb/20110222-A-II.html#Iniciativa12
28	Proyecto de decreto que reforma, adiciona y deroga diversas disposiciones de la Ley General de Población, del Código Federal de Instituciones y Procedimientos Electorales y de la Ley Orgánica de la Administración Pública Federal.	protección de datos persnoales	Crear el Registro Nacional de Población, responsable del registro y acreditación de la identidad de los residentes y nacionales.	Grupos Parlamentarios (CONJUNTAS)		Población, Fronteras y Asuntos Migratorios, Gobernación	2/22/11		En Comision	http://gaceta.diputados.gob.mx/Gaceta/61/2011/feb/20110222-A-III.html#Iniciativa20
29	Proyecto de decreto que reforma los artículos 96 de la Constitución Política de los Estados Unidos Mexicanos, y 81 de la Ley Orgánica del Poder Judicial de la Federación.	Poder Judicial, Suprema Corte de Justicia de la Nación	Establecer un plazo a partir de que surja la vacante para que el Presidente de la República envíe al Senado la terna para nombrar a los ministros de la Suprema Corte. 	María del Carmen Izaguirre Francos	PRI	Justicia, Puntos Constitucionales	2/22/11		En Comision	http://gaceta.diputados.gob.mx/Gaceta/61/2011/feb/20110222-A-III.html#Iniciativa5
30	Proyecto de decreto que reforma los artículos 13, 21 y 32 de la Ley para la Protección de los Derechos de Niñas, Niños y Adolescentes.	derechos de las niñas, los niños y los adolescentes	Proteger en su integridad a niño/as y adolescentes en el caso de matrimonio adolescente o forzado. Garantizar escolarización a las adolescentes embarazadas.	Lucila del Carmen Gallegos Camarena 	PAN	Atención a grupos vulnerables	2/24/11		En Comision	http://gaceta.diputados.gob.mx/Gaceta/61/2011/feb/20110224-IV.html#Iniciativa24
31	Proyecto de decreto que reforma y adiciona diversas disposiciones de la Ley de Asistencia Social y de Ley para la Protección de los Derechos de Niñas, Niños y Adolescentes.	asistencia social, derechos de niñas, niños y adolescentes	Reformar la Ley de Asistencia Social y la Ley para la protección de los Derechos de Niñas, Niños y Adolescentes.	 Agustín Carlos Castilla Marroquín 	PAN	Atención a grupos vulnerables, Salud.	2/24/11		En Comision	http://gaceta.diputados.gob.mx/Gaceta/61/2011/feb/20110224-IV.html#Iniciativa21
32	Reforma los artículos 9° y 10 de la Ley Federal para Prevenir y Eliminar la Discriminación.	derechos humanos, derechos de las mujeres, 	Limitar el acceso a la procuración e impartición de justicia es discriminatorio, órganos públicos informarán sobre derechos de las mujeres.	Lucila del Carmen Gallegos Camarena	PAN	Derechos Humanos	2/24/11	10/11/11	En Pleno	http://gaceta.diputados.gob.mx/Gaceta/61/2011/feb/20110224-IV.html#Iniciativa25
33	Proyecto de decreto que reforma y adiciona diversas disposiciones de la Ley General de Desarrollo Social.	desarrollo social	Dar prioridad a los programas de superación de la pobreza y mejoramiento de la calidad de vida por parte de los organizaciones de la sociedad civil. 	María Guadalupe García Almanza 	Convergencia	Desarrollo Social	2/24/11		En Comision	http://gaceta.diputados.gob.mx/Gaceta/61/2011/feb/20110222-A-IV.html#Iniciativa14
34	Proyecto de decreto que reforma y adiciona diversas disposiciones de la Ley General de Desarrollo Social y de la Ley Federal de las Entidades Paraestatales.	desarrollo social	Reformar al Consejo Nacional de Evaluación de la Política de Desarrollo Social (CONEVAL).	Carlos Flores Rico 	PRI	Desarrollo Social, Gobernación	2/24/11		En Comision	http://gaceta.diputados.gob.mx/Gaceta/61/2011/feb/20110224-IV.html#Iniciativa20
35	Adiciona diversas disposiciones a la Ley Orgánica de la Administración Pública.	participación social, transparencia, rendición de cuentas	Fomentar partcipación ciuddana en políticas públicas p incluir su visión, combatir corrupción, fortalecer transparncia y rendición d cuentas	Adriana de Lourdes Hinojosa Céspedes, María Marcela Torres Peimbert (suscribe)	PAN, PAN	Gobernación	2/24/11		En Comision	http://gaceta.diputados.gob.mx/Gaceta/61/2011/feb/20110222-A-I.html#Iniciativa9
36	Reforma los artículos 41 y 116 de la Constitución Política de los Estados Unidos Mexicanos, y 78 del Código Federal de Instituciones y Procedimientos Electorales	elecciones	Reducir financiamiento de partidos durante proceso electoral, redefinir distribución de tiempos de partidos en radio y televisión	Pedro Jiménez León	Convergencia	Gobernación	2/24/11		En Comision	http://gaceta.diputados.gob.mx/Gaceta/61/2011/feb/20110222-A-II.html#Iniciativa7
37	Proyecto de decreto que reforma el artículo 124 de la Ley de Amparo, Reglamentaria de los artículos 103 y 107 de la Constitución Política de los Estados Unidos Mexicanos.	reforma Constitucional, justicia, amparo.	Incluir el supuesto mediante el cual se decretará la suspensión del acto cuando se permita la participación de personas que se encuentren inhabilitadas.	Leonardo Arturo Guillén Medina	PAN	Justicia	2/24/11		En Comision	http://gaceta.diputados.gob.mx/Gaceta/61/2011/feb/20110222-A-II.html#Iniciativa4
38	Que expide la Ley Federal de Mecanismos de Cooperación Ciudadana en la Gestión Pública de la Administración Pública Federal.	participación ciudadana	Establecer principios y mecanismos de cooperación ciudadana en la gestión pública para garantizar e impulsar derechos políticos y civiles.	Adriana de Lourdes Hinojosa Céspedes	PAN	Participación Ciudadana,Puntos Constitucionales	2/24/11		En Comision	http://gaceta.diputados.gob.mx/Gaceta/61/2011/feb/20110222-A-III.html#Iniciativa13
39	Que reforma el artículo 6o. de la Constitución Política de los Estados Unidos Mexicanos.	acceso a la información, organismos públicos autónomos, transparencia 	El IFAI será un organismo público autónomo, con personalidad jurídica y patrimonio propios, autonomía técnica, de gestión y presupuestaria	Agustín Castilla Marroquín	PAN	Puntos Constitucionales	2/24/11		En Comision	http://gaceta.diputados.gob.mx/Gaceta/61/2011/feb/20110222-A-II.html#Iniciativa10
40	Que reforma el artículo 74 de la Constitución Política de los Estados Unidos Mexicanos.	presupuesto	La Cámara de Diputados aprobará el PEF antes de las 24 hrs del uso horario del DF, del 15/nov del año correspondiente	Francisco Arturo Vega de Lamadrid,	PAN	Puntos Constitucionales	2/24/11		En Comision	http://gaceta.diputados.gob.mx/Gaceta/61/2011/feb/20110222-A-III.html#Iniciativa6
41	Proyecto de decreto que reforma y adiciona diversas disposiciones de la Constitución Política de los Estados Unidos Mexicanos, del Código Civil Federal y de la Ley para la Protección de los Derechos de Niñas, Niños y Adolescentes.	derechos de las niñas, los niños y los adolescentes	Obligar a los ascendientes y tutores a respetar el derecho a la identidad registrando el nacimiento de forma inmediata y cumpliendo con sus deberes establecidos en la ley. 	María Joann Novoa Mossberger 	PAN	Puntos Constitucionales, Justicia, Atención a Grupos Vulnerables.	2/24/11		En Comision	http://gaceta.diputados.gob.mx/Gaceta/61/2011/feb/20110222-A-III.html#Iniciativa10
42	Que reforma los artículos 23 de la Ley Orgánica del Congreso General de los Estados Unidos Mexicanos, y 8o. del Reglamento de la Cámara de Diputados	diputados, trabajo legislativo	Imponer sanciones económicas de acuerdo con los costos del erario público, a diputados q desacaten las llamadas al orden durante sesiones	Paz Gutiérrez Cortina	PAN	Régimen, Reglamentos y Prácticas Parlamentarias	2/24/11		En Comision	http://gaceta.diputados.gob.mx/Gaceta/61/2011/feb/20110222-A-II.html#Iniciativa30
43	Reforma el artículo 85 de la Ley de Desarrollo Rural Sustentable.	desarrollo rural	@GobFed impulsará conforme al Programa Especial Concurrente, servicios de agua potable, alcantarillado y saneamiento a comunidades rurales.	Ramón Merino Loo	PAN	Desarrollo Rural	3/1/11		En Comision	http://gaceta.diputados.gob.mx/Gaceta/61/2011/mar/20110301-III.html#Iniciativa11
44	Que expide la Ley Federal de Propaganda Institucional.	publicidad oficial, transparencia	Crear una ley para vigilar el cumplimiento de las normas sobre propaganda institucional y la transparencia en el manejo de los recursos	César Augusto Santiago Ramírez	PRI	Gobernación	3/1/11		En Comision	http://gaceta.diputados.gob.mx/Gaceta/61/2011/feb/20110222-A-I.html#Iniciativa11
45	Proyecto de decreto que adiciona la fracción IX al artículo 25 y los artículos 48 a 50, recorriendo el orden de los subsecuentes, de la Ley de Coordinación Fiscal.	presupuesto, derechos indígenas	Crear el Fondo de Aportaciones para el Desarrollo de los Pueblos Indígenas.	Congreso del Estado de Chiapas (Congresos Locales)		Hacienda y Crédito Público	3/1/11		En Comision	http://gaceta.diputados.gob.mx/Gaceta/61/2011/mar/20110301-I.html#Iniciativa1
46	Proyecto de decreto que reforma el tercer párrafo y adiciona la fracción IX del primer párrafo del artículo 176 de la Ley del Impuesto sobre la Renta.	presupuesto, educación	Las personas físicas residentes en el país podrán deducir del Impuesto Sobre la Renta, las colegiaturas de educación básica y medio superior efectuadas.	Marco Humberto Aguilar Coronado (Senadores)		Hacienda y Crédito Público	3/1/11		En Comision	http://gaceta.diputados.gob.mx/Gaceta/61/2011/mar/20110301-I.html#Iniciativa2
47	Que reforma y adiciona diversas disposiciones de la Constitución Política de los Estados Unidos Mexicanos y de la Ley de Planeación	Plan Nacional de Desarrollo, control legislativo  	Facultar al Congreso de la Unión para analizar, discutir y aprobar o no el Plan Nacional de Desarrollo que proponga el Ejecutivo	Ariel Gómez León	PRD	Hacienda y Crédito Público, Puntos Constitucionales	3/1/11		En Comision	http://gaceta.diputados.gob.mx/Gaceta/61/2011/mar/20110301-III.html#Iniciativa16
48	Proyecto de decreto que reforma, adiciona y deroga diversas disposiciones de la Ley Federal Contra la Delincuencia Organizada, del Código Federal de Procedimientos Penales, de la Ley Orgánica de la Procuraduría General de la República, de la Ley Orgánica del Poder Judicial de la Federación, y de la Ley de Amparo Reglamentaria de los Artículos 103 y 107 de la Constitución Política de los Estados Unidos Mexicanos.	procedimientos penales	Delimitar y precisar la figura del arraigo, así como su procedimiento. 	Víctor Humberto Benítez Treviño	PRI	Justicia	3/1/11		En Comision	http://gaceta.diputados.gob.mx/Gaceta/61/2011/feb/20110222-A-II.html#Iniciativa25
49	Proyecto de decreto que expide la Ley de Emergencia contra los Feminicidios, y reforma el artículo 194 del Código Federal de Procedimientos Penales.	procedimientos penales, violencia de género	Crear un ordenamiento jurídico, con el objeto de prevenir, sancionar y erradicar los feminicidios , definir el delito de feminicidio.	Mary Telma Guajardo Villarreal	PRD	Justicia con Opinión de Presupuesto y Cuenta Pública	3/1/11		En Comision	http://gaceta.diputados.gob.mx/Gaceta/61/2011/feb/20110222-A-IV.html#Iniciativa2
50	Proyecto de decreto que reforma, adiciona y deroga diversas disposiciones de la Ley General del Sistema de Medios de Impugnación en Materia Electoral.	elecciones	Otorgar el derecho a los ciudadanos en lo individual o colectivamente para promover la presentación de los medios de impugnación.	Jaime Fernando Cárdenas Gracia	PT	Justicia, Gobernación	3/1/11		En Comision	http://gaceta.diputados.gob.mx/Gaceta/61/2011/feb/20110222-A-II.html#Iniciativa6ç
51	Proyecto de decreto que reforma diversas disposiciones del Código Federal de Procedimientos Penales, de la Ley Orgánica de la Procuraduría General de la República, de la Ley Federal de Defensoría Pública, y de la Ley que Establece las Normas Mínimas Sobre Readaptación Social de Sentenciados.	equidad de género, procedimientos penales	Incorporar la perspectiva de género durante el desarrollo de la averiguación previa, así como durante todo el proceso penal. 	Laura Elena Estrada Rodríguez	PAN	Justicia, Seguridad Pública	3/1/11		En Comision	http://gaceta.diputados.gob.mx/Gaceta/61/2011/feb/20110215-VIII.html#Iniciativa8
52	Proyecto de decreto que reforma y adiciona diversas disposiciones de la Ley General de Población.	migración	La oficina migratoria realizará los trámites pertinentes para la legal estancia de los extranjeros y el transito temporal de los migrantes.	Diva Hadamira Gastélum Bajo	PRI	Población, Fronteras y Asuntos Migratorios	3/1/11		En Comision	http://gaceta.diputados.gob.mx/Gaceta/61/2011/feb/20110224-IV.html#Iniciativa16
53	Que reforma el artículo 4o. de la Constitución Política de los Estados Unidos Mexicanos, para que todos lo bebés de México reciban atención médica gratuita, sin condiciones ni restricciones, en todas las instituciones que reciban aportes del Estado mexicano.	derecho a la salud	Los menores de 1 año de vida tendrán derecho a recibir atención médica gratuita en las instituciones de salud que reciban recursos públicos.	José del Pilar Córdova Hernández	PRI	Puntos Constitucionales	3/1/11		En Comision	http://gaceta.diputados.gob.mx/Gaceta/61/2011/feb/20110222-A-I.html#Iniciativa17
54	Que reforma los artículos 55 y 58 de la Constitución Política de los Estados Unidos Mexicanos	diputados, senadores	Establecer como requisito para ser diputado o senador tener el título profesional de educación superior	Guillermo Cueva Sada	PVEM	Puntos Constitucionales	3/1/11		En Comision	http://gaceta.diputados.gob.mx/Gaceta/61/2011/feb/20110222-A-I.html#Iniciativa18
55	Que reforma los artículos 108 y 110 de la Constitución Política de los Estados Unidos Mexicanos	control legislativo, rendición de cuentas 	El Presidente de la República podrá ser sujeto de juicio político y de responsabilidad administrativa, civil o penal, durante su mandato	Omar Fayad Meneses	PRI	Puntos Constitucionales	3/1/11		En Comision	http://gaceta.diputados.gob.mx/Gaceta/61/2011/feb/20110222-A-I.html#Iniciativa28
56	Que reforma el artículo 113 de la Constitución Política de los Estados Unidos Mexicanos	justicia, poder judicial	Los daños causados por error judicial o deficiencias en la administración de justicia darán derecho a una indemnización para los afectados	Víctor Manuel Báez Ceja	PRD	Puntos Constitucionales	3/1/11		En Comision	http://gaceta.diputados.gob.mx/Gaceta/61/2011/feb/20110222-A-II.html#Iniciativa5
57	Que reforma el artículo 93 de la Constitución Política de los Estados Unidos Mexicanos.	control legislativo, participación ciudadana	Gpos parlamentarios podrán crear comisiones d investigación sin autorización dl pleno y a petición ciudadana sobre asuntos d interés público	Jaime Fernando Cárdenas Gracia	PT	Puntos Constitucionales	3/1/11		En Comision	http://gaceta.diputados.gob.mx/Gaceta/61/2011/feb/20110222-A-III.html#Iniciativa8
58	Que reforma el artículo 61 de la Constitución Política de los Estados Unidos Mexicanos	diputados, senadores	Prohibir mandato imperativo sobre legisladores. El estatuto de los legisladores de las Cámaras se regulará sólo por la Ley del Congreso	Jaime Fernando Cárdenas Gracia	PT	Puntos Constitucionales	3/1/11		En Comision	http://gaceta.diputados.gob.mx/Gaceta/61/2011/feb/20110222-A-IV.html#Iniciativa21
59	Que reforma el artículo 89 de la Constitución Política de los Estados Unidos Mexicanos	administración pública federal	Elaborar reglamentos es facultad exclusiva del Poder Ejecutivo. Los reglamentos deberán establecer el modo de ejecución de la ley	Jaime Fernando Cárdenas Gracia	PT	Puntos Constitucionales	3/1/11		En Comision	http://gaceta.diputados.gob.mx/Gaceta/61/2011/mar/20110301-III.html#Iniciativa8
60	Que reforma los artículos 52 a 54 y 56 de la Constitución Política de los Estados Unidos Mexicanos	diputados, senadores, reforma política	Reducir de 200 a 100 diputados de representación proporcional y eliminar los senadores elegidos mediante éste principio	Arturo Zamora Jiménez	PRI	Puntos Constitucionales	3/1/11		En Comision	http://gaceta.diputados.gob.mx/Gaceta/61/2011/feb/20110222-A-IV.html#Iniciativa34
61	Proyecto de decreto que reforma, adiciona y deroga diversas disposiciones de la Constitución Política de los Estados Unidos Mexicanos, de la Ley Orgánica de la Administración Pública Federal, de la Ley Federal de Telecomunicaciones, de la Ley Federal de Competencia Económica, de la Ley de la Comision Reguladora de Energía, de la Ley de la Comision Nacional Bancaria y de Valores, de la Ley Federal de Instituciones de Fianzas, de la Ley General de Instituciones y Sociedades Mutualistas de Seguros, de la Ley de los Sistemas de Ahorro para el Retiro, y la de Ley del Servicio Profesional de Carrera en la Administración Pública Federal.	administración pública federal	Crear Órganos Reguladores en la Administración Pública Centralizada que contarán con autonomía técnica, operativa, de gestión, de decisión y presupuestal. 	Alberto Emiliano Cinta Martínez	PVEM	Puntos Constitucionales, Gobernación, Hacienda y Crédito Público	3/1/11		En Comision	http://gaceta.diputados.gob.mx/Gaceta/61/2011/feb/20110222-A-I.html#Iniciativa23
62	Que reforma el artículo 17 de la Ley Orgánica del Congreso General de los Estados Unidos Mexicanos	diputados, trabajo legislativo	La Mesa Directiva de la C. d Diputados la presidirá diputad@ d distinto Gpo Parlamentario del q presida la JUCOPO en 1 mismo año legislativo	Alejandro Encinas Rodríguez, José Luis Jaime Correa	PRD, PRD	Régimen, Reglamentos y Prácticas Parlamentarias	3/1/11		En Comision	http://gaceta.diputados.gob.mx/Gaceta/61/2011/mar/20110301-III.html#Iniciativa2
63	Proyecto de decreto que reforma los artículos 28, 37 y 43 de la Ley de los Derechos de las Personas Adultas Mayores.	derechos de las personas adultas mayores	Reformar la Ley de los Derechos de las Personas Adultas Mayores.	Ana Georgina Zapata Lucero 	PRI	Atención a Grupos Vulnerables	3/3/11		En Comision	http://gaceta.diputados.gob.mx/Gaceta/61/2011/feb/20110222-A-III.html#Iniciativa1
64	Que reforma los artículos 3o. y 47 de la Ley Orgánica de la Administración Pública Federal, y 9o. de la Ley Federal de Presupuesto y Responsabilidad Hacendaria, relativa a la constitución y operacion de los fideicomisos públicos.	finanzas públicas, fideicomisos	Los fideicomisos deberán aprobarse previamente por Cámara de Diputados, igual q los propuestos por la SHCP que no son considerados entidades	Mario Alberto di Costanzo Armenta	PT	Gobernación	3/3/11		En Comision	http://gaceta.diputados.gob.mx/Gaceta/61/2011/feb/20110224-IV.html#Iniciativa9
65	Proyecto de Decreto que deroga la fracción III del artículo 39 del Código Fiscal de la Federación.	subsidios 	Suprimir la facultad concedida al Ejecutivo Federal para que mediante resoluciones de carácter general conceda subsidios o estímulos fiscales.	Pablo Gómez Álvarez (Senadores)		Hacienda y Crédito Público	3/3/11		En Comision	http://gaceta.diputados.gob.mx/Gaceta/61/2011/mar/20110303-I.html#IniciativaSenadores1
66	Proyecto de Decreto que adiciona el artículo 2o. de la Ley del Impuesto Empresarial a Tasa Única.	presupuesto, educación	Las escuelas particulares que impartan educación, podrán pagar el impuesto empresarial a tasa única mediante el otorgamiento de becas.	Felipe González González (Senadores)		Hacienda y Crédito Público	3/3/11		En Comision	http://gaceta.diputados.gob.mx/Gaceta/61/2011/mar/20110303-I.html#IniciativaSenadores2
67	Proyecto de decreto que reforma el artículo 222 de la Ley del Impuesto Sobre la Renta.	presupuesto, derechos de las personas con capacidades diferentes	El patrón que contrate a personas con condición física limitada podrá deducir de sus ingresos, un 100% del Impuesto sobre la Renta de estos trabajadores retenido y enterado.	Ovidio Cortazar Ramos	PAN	Hacienda y Crédito Público	3/3/11		En Comision	http://gaceta.diputados.gob.mx/Gaceta/61/2011/mar/20110303-VII.html#Iniciativa5
68	Que reforma y adiciona diversas disposiciones de la Ley Federal de Presupuesto y Responsabilidad Hacendaria, para que el Ejecutivo federal, a través de la Secretaría de Hacienda y Crédito Público, defina una metodología de mediano plazo para la determinación de las cuotas y porcentajes que del presupuesto de los programas presupuestarios y/o unidades responsables son utilizados en la integración de los anexos transversales.	presupuesto, equidadde género	Definir Anexos transversales y calendarios. Incluir en anteproyectos y proyectos perspectiva de género y no reducir inversiones de inclusión		PRI, PRD, PRI, PRD, PRD, PRI, PVEM, PT, PRI, PRI, PRI, PRI, PRI, PRI, PRI, PRI, PRI, PRI, PRI, PRI, PRI, PRI, PRI, PRI, PRI, PRI, PVEM, PRI, PRI, PRI, PRI, PRI, PRI, PRI, PRI, PRI, PRI, PRI, PRI, PRI, PRI, PRI, PRI, PAN, Nueva Alianza, PAN, PAN, PRD	Presupuesto y Cuenta Pública	3/3/11		En Comision	http://gaceta.diputados.gob.mx/Gaceta/61/2011/mar/20110303-VII.html#Iniciativa3
69	Que reforma el artículo 28 de la Ley de Fiscalización y Rendición de Cuentas de la Federación, para autorizar a la ASF a realizar visitas y auditorías de desempeño del gasto público en el momento en que se requieran, y que se den a conocer los resultados de éstas de manera oportuna al Congreso.	presupuesto	Facultar a la ASF para auditorías de desempeño cuando así se requiera. Enviará sus resultados a la C. Diputados para análisis y evaluación	Gerardo del Mazo Morales	Nueva Alianza	Presupuesto y Cuenta Pública	3/3/11		En Comision	http://gaceta.diputados.gob.mx/Gaceta/61/2011/mar/20110303-VII.html#Iniciativa8
70	Que reforma el artículo 45 de la Ley Federal de Presupuesto y Responsabilidad Hacendaria	presupuesto	Facultar a la Cámara de Diputados para tener acceso en línea al Sistema Integral de Información de los Ingresos y Gasto Público (SII)	Jorge Antonio Kahwagi Macari	Nueva Alianza	Presupuesto y Cuenta Pública	3/3/11		En Comision	http://gaceta.diputados.gob.mx/Gaceta/61/2011/mar/20110303-VII.html#Iniciativa9
71	Proyecto de decreto que reforma los artículos 72, 73, 78 y 79 de la Ley General de Desarrollo Social.	desarrollo Social, evaluación	La evaluación de la Política de Desarrollo Social se apegará a los principios de objetividad, independencia, imparcialidad y transparencia.	Salinas Claudia Ruíz Massieu 	PRI	Desarrollo Social	3/8/11		En Comision	http://gaceta.diputados.gob.mx/Gaceta/61/2011/mar/20110303-VIII.html#Iniciativa1
72	Proyecto de decreto que reforma el artículo 176 de la Ley del Impuesto Sobre la Renta.	presupuesto, educación	Otorgar el derecho a los contribuyentes de deducir los pagos de colegiaturas.	Josefina Rodarte Ayala	PRI	Hacienda y Crédito Público	3/8/11		En Comision	http://gaceta.diputados.gob.mx/Gaceta/61/2011/mar/20110308-VII.html#Iniciativa2
73	Proyecto de decreto que reforma el artículo 27 de la Ley de Coordinación Fiscal.	presupuesto, educación	Suprimir que el monto del Fondo de Aportaciones para la Educación Básica y Normal se determinará a partir de ampliaciones presupuestarias.	Felipe de Jesús Rangel Vargas	PAN	Hacienda y Crédito Público	3/8/11		En Comision	http://gaceta.diputados.gob.mx/Gaceta/61/2011/mar/20110308-VII.html#Iniciativa28
74	Proyecto de decreto que reforma y adiciona diversas disposiciones del Código Penal Federal y del Código Federal de Procedimientos Penales.	procedimientos penales, violencia de género	Establecer que para el caso de los delitos cometidos contra las mujeres, se considerará como agravante la existencia de violencia feminicida.	Laura Itzel Castillo Juárez	PT	Justicia	3/8/11		En Comision	http://gaceta.diputados.gob.mx/Gaceta/61/2011/feb/20110222-A-IV.html#Iniciativa6
75	Que reforma los artículos 85, 107 y 111 de la Ley Federal de Presupuesto y Responsabilidad Hacendaria	presupuesto, transparencia, evaluación	Acordar medidas para mejorar la ejecución de los recursos presupuestales.   Establecer los requisitos de los informes de su presupuesto.	Claudia Ruiz Massieu Salinas	PRI	Presupuesto y Cuenta Pública	3/8/11		En Comision	http://gaceta.diputados.gob.mx/Gaceta/61/2011/feb/20110222-A-I.html#Iniciativa29
76	Proyecto de decreto que reforma los artículos 21 de la Ley Federal de las Entidades Paraestatales, y 6o., 9o. y 10 de la Ley de la Comision Nacional para el Desarrollo de los Pueblos Indígenas.	Derechos Indígenas	Reformar el proceso de selección de los directores generales de las entidades paraestatales.	Bautista Concepción Sabino	PRI	Asuntos Indígenas	3/9/11		En Comision	http://gaceta.diputados.gob.mx/Gaceta/61/2011/feb/20110222-A-II.html#Iniciativa3
77	Reforma el artículo 183 de la Ley de Desarrollo Rural Sustentable	desarrollo rural	@GobFed asumirá obligación de elevar producción agropecuaria y pesquera para abasto suficiente, a bajo costo y con oportunidad	Francisco Amadeo Espinosa Ramos	PT	Desarrollo Rural	3/9/11		En Comision	http://gaceta.diputados.gob.mx/Gaceta/61/2011/feb/20110222-A-IV.html#Iniciativa8
78	Proyecto de decreto que reforma el artículo 15 de la Ley General para la Igualdad entre Mujeres y Hombres.	equidad de género	Incorporar en los presupuestos de egresos de las entidades federativas y del Distrito Federal, la asignación de recursos para el cumplimiento de la política local en materia de igualdad. 	Ma. Elena Pérez de Tejada Romero 	PAN	Equidad y Género	3/9/11	10/11/11	En Pleno	http://gaceta.diputados.gob.mx/Gaceta/61/2011/mar/20110308-VII.html#Iniciativa5
79	Proyecto de decreto que reforma y adiciona diversas disposiciones del Código Penal Federal para tipificar el feminicidio, así como del Código de Procedimientos Penales y la Ley General de Acceso de las Mujeres a una Vida Libre de Violencia.	feminicidios, justicia	Ampliar sanciones a responsables de “feminicidio” , dar más transparencia a la investigación , implementar un registro público de los delitos contra mujeres.	Grupos Parlamentarios (CONJUNTAS)		Equidad y Género, Justicia	3/9/11		En Comision	http://gaceta.diputados.gob.mx/Gaceta/61/2011/mar/20110309-IV.html#Iniciativa1
80	Proyecto de decreto que reforma los artículos 5o., 6o. y 20 de la Ley de Planeación.	Plan Nacional de Desarrollo	Reformar el procedimiento de la remisión del proyecto del Plan Nacional de Desarrollo. 	César Augusto Santiago Ramírez	PRI	Hacienda y Crédito Público	3/9/11		En Comision	http://gaceta.diputados.gob.mx/Gaceta/61/2011/feb/20110222-A-I.html#Iniciativa14
81	Proyecto de decreto que reforma el artículo décimo transitorio de la Ley del Instituto de Seguridad y Servicios Sociales de los Trabajadores al Servicio del Estado.	seguridad social, 	Ajustar la ley transitoria sobre el derecho a la pensión por jubilación.	Samuel Herrera Chávez	PRD	Hacienda y Crédito Público, Seguridad Social	3/9/11		En Comision	http://gaceta.diputados.gob.mx/Gaceta/61/2011/feb/20110222-A-II.html#Iniciativa11
82	Proyecto de decreto que reforma, adiciona y deroga diversas disposiciones de la Ley de Amparo, Reglamentaria de los Artículos 103 y 107 de la Constitución Política de los Estados Unidos Mexicanos, de la Ley Federal para la Administración y Enajenación de Bienes del Sector Público, de la Ley Federal de Extinción de Dominio, del Código Federal de Procedimientos Penales y del Código Penal Federal, y expide la Ley Federal para la Atención y Protección a Víctimas y Ofendidos por el Delito.	derechos de las víctimas, justicia	Crear un ordenamiento jurídico con el objeto de garantizar los derechos de las víctimas y ofendidos.	Bonifacio Herrera Rivera	PAN	Justicia, Función Pública, Gobernación con Opinión de Presupuesto y Cuenta Pública	3/9/11		En Comision	http://gaceta.diputados.gob.mx/Gaceta/61/2011/feb/20110222-A-III.html#Iniciativa16
83	Que reforma los artículos 42 y 77 de la Ley Federal de Presupuesto y Responsabilidad Hacendaria	control legislativo, presupuesto	Incorporar criterios de participación legislativa en la elaboración de las reglas de operación antes de que entren en vigor.	Pedro Vázquez González	PT	Presupuesto y Cuenta Pública	3/9/11		En Comision	http://gaceta.diputados.gob.mx/Gaceta/61/2011/feb/20110215-VIII.html#Iniciativa9
84	Que reforma el artículo 93 de la Constitución Política de los Estados Unidos Mexicanos	control legislativo, rendición de cuentas	Las comparecencias d secretarios para informar sobre su labor será en los primeros 45 días naturales del 1er periodo de sesiones de cada año	Claudia Ruiz Massieu Salinas	PRI	Puntos Constitucionales	3/9/11		En Comision	http://gaceta.diputados.gob.mx/Gaceta/61/2011/feb/20110224-IV.html#Iniciativa18
85	Que reforma y adiciona diversas disposiciones de la Constitución Política de los Estados Unidos Mexicanos	derechos indígenas, reforma política	Representación política de pueblos indígenas será por elección directa y repr. pluricultural: 50 diputados y 12 senadores serán indígenas	Domingo Rodríguez Martell	PRD	Puntos Constitucionales	3/9/11		En Comision	http://gaceta.diputados.gob.mx/Gaceta/61/2011/feb/20110222-A-II.html#Iniciativa24
86	Que reforma el artículo 55 de la Constitución Política de los Estados Unidos Mexicanos	derechos políticos, diputados	Disminuir el requisito de edad para ser diputado de veintiún a dieciocho años.	Francisco Amadeo Espinosa Ramos	PT	Puntos Constitucionales	3/9/11		En Comision	http://gaceta.diputados.gob.mx/Gaceta/61/2011/feb/20110224-IV.html#Iniciativa14
87	Reforma el artículo 29 de la Ley de la Comision Nacional de los Derechos Humanos.	derechos humanos, derechos indígenas	Facultar a la CNDH para proporcionar gratuitamente un intérprete para quienes no hablen o entiendan el español correctamente.	Alba Leonila Méndez Herrera	PAN	Derechos humanos	3/10/11	10/18/11	En Pleno	http://gaceta.diputados.gob.mx/Gaceta/61/2011/feb/20110222-A-I.html#Iniciativa7
88	Modifica la denominación del Capítulo I del Título Primero y reforma diversos artículos de la Constitución Política de los Estados Unidos Mexicanos.	derechos humanos, reforma constitucional, tratados internacionales	Incorpora el derecho a gozar de los derechos humanos reconocidos en la Constitución y en los tratados internacionales que México suscribe	Senadores	Senadores	Derechos humanos, Puntos constitucionales	3/10/11	3/23/11	Aprobada	http://gaceta.diputados.gob.mx/Gaceta/61/2011/mar/20110310-IX.pdf, http://gaceta.diputados.gob.mx/Gaceta/61/2011/mar/DOF10JUN2011-RefoConstDerechosHumanos.doc
89	Reforma y adiciona diversas disposiciones de la Constitución Política de los Estados Unidos Mexicanos, de la Ley de la Comision Nacional de los Derechos Humanos y de la Ley Federal del Trabajo.	derechos humanos, reforma constitucional, derechos laborales	Facultar a organismos de protección los derechos humanos para conocer asuntos laborales. Reconocer derechos laborales como derechos humanos	Rodolfo Lara Lagunas	PRD	Derechos Humanos, Puntos Constitucionales, Trabajo y Previsión Social.	3/10/11		En Comision	http://gaceta.diputados.gob.mx/Gaceta/61/2011/mar/20110310-II.html#Iniciativa21
90	Proyecto de decreto que reforma los artículos 27 de la Ley General de Educación y 39 de la Ley de Coordinación Fiscal.	energía, educación 	Exentar del pago de energía eléctrica a los inmuebles públicos en los que se presten servicios de educación básica. 	 Pedro Jiménez León	Convergencia	Educación Pública y Servicios Educativos, Hacienda y Crédito Público	3/10/11		En Comision	http://gaceta.diputados.gob.mx/Gaceta/61/2011/mar/20110310-II.html#Iniciativa9
91	Que expide la Ley Federal de Archivos	transparencia, acceso a la información	Crear un marco legal contemporáneo que garantice el derecho de acceso a la información para el público a través de archivos administrativos actualizados y confiables.	Mauricio Toledo Gutiérrez	PRD	Gobernación	3/10/11		En Comision	http://gaceta.diputados.gob.mx/Gaceta/61/2011/mar/20110310-II.html#Iniciativa12
92	Proyecto de decreto que reforma la fracción I del artículo 258 de la Ley Federal de Derechos.	energía, presupuesto	Facultar a la Secretaría de Energía para definir y expedir las reglas de carácter general que explicarán los métodos de ajuste correspondiente a la calidad del crudo.	Bueno Torio Juan (Senadores)		Hacienda y Crédito Público	3/10/11		En Comision	http://gaceta.diputados.gob.mx/Gaceta/61/2011/mar/20110310-I.html#IniciativaSenadores1
93	Que reforma y adiciona diversas disposiciones de la Constitución Política de los Estados Unidos Mexicanos	derechos indígenas, reforma política	Otorgar varios derechos a los pueblos indígenas en cumplimiento de los acuerdos de San Andrés Larráinzar	José Narro Céspedes	PRD	Puntos Constitucionales	3/10/11		En Comision	http://gaceta.diputados.gob.mx/Gaceta/61/2011/mar/20110310-II.html#Iniciativa16
94	Que reforma el artículo 73 de la Constitución Política de los Estados Unidos Mexicanos	derechos sociales, garantías individuales	Facultar al Congreso de la Unión para legislar en materia de protección de las garantías individuales y derechos sociales	Yolanda de la Torre Valdez	PRI	Puntos Constitucionales	3/15/11		En Comision	http://gaceta.diputados.gob.mx/Gaceta/61/2011/mar/20110315-VII.html#Iniciativa3
95	Que reforma y adiciona diversas disposiciones de las Leyes Federal de Presupuesto y Responsabilidad Hacendaria, de Adquisiciones, Arrendamientos y Servicios del Sector Público, y Orgánica de la Administración Pública Federal, en materia de subejercicios del gasto público.	presupuesto, subejercicios	Los titulares de dependencias y entidades podrán adoptar las medidas necesarias para evitar subejercicios de su presupuesto.	Cora Pinedo Alonso	Nueva Alianza	Gobernación	3/17/11		En Comision	http://gaceta.diputados.gob.mx/Gaceta/61/2011/mar/20110301-III.html#Iniciativa9
96	Que reforma el artículo 73 de la Constitución Política de los Estados Unidos Mexicanos, expide la Ley que crea la Procuraduría Ciudadana para la Prevención, Atención y Recepción de Quejas Ciudadanas y de Elementos de Seguridad Pública, y reforma el artículo 3o. de la Ley Federal de las Entidades Paraestatales.	seguridad pública	Otorgar y regular el derecho ciudadano d presentar quejas sobre las conductas de los servidores públicos encargados d la seguridad pública.	Cora Pinedo Alonso	Nueva Alianza	Gobernación	3/17/11		En Comision	http://gaceta.diputados.gob.mx/Gaceta/61/2011/mar/20110303-VII.html#Iniciativa14
97	Que reforma el artículo 115 de la Constitución Política de los Estados Unidos Mexicanos	equidad de género	El personal de los ayuntamientos deberá ser representado de forma equilibrada entre mujeres y hombres	Lucila del Carmen Gallegos Camarena	PAN	Puntos Constitucionales	3/17/11		En Comision	http://gaceta.diputados.gob.mx/Gaceta/61/2011/feb/20110222-A-IV.html#Iniciativa29
98	Que reforma los artículos 71 y 72 de Constitución Política de los Estados Unidos Mexicanos	diputados, senadores	Actualizar las disposiciones constitucionales que rigen el procedimiento legislativo para iniciativas y proyectos de ley y decreto	Reginaldo Rivera de la Torre	PRI	Puntos Constitucionales	3/17/11		En Comision	http://gaceta.diputados.gob.mx/Gaceta/61/2011/feb/20110222-A-II.html#Iniciativa23
99	Que reforma los artículos 26 y 74 de la Constitución Política de los Estados Unidos Mexicanos,	diputados, Plan Nacional de Desarrollo	Establecer constitucionalmente la planeación de desarrollo como función de Estado. Facultar a la Cámara de Diputados para aprobar el PND	Juan Carlos Natale López	PVEM	Puntos Constitucionales	3/17/11		En Comision	http://gaceta.diputados.gob.mx/Gaceta/61/2011/mar/20110317-II.html#Iniciativa10
100	Que reforma el artículo 74 de la Constitución Política de los Estados Unidos Mexicanos	diputados, presupuesto	Otorgar la facultad exclusiva de reconducción presupuestal a la Cámara de Diputados, en caso de que el presupuesto no se apruebe a tiempo	Mary Telma Guajardo Villarreal, Víctor Manuel Castro Cosío	PRD, PRD	Puntos Constitucionales	3/17/11		En Comision	http://gaceta.diputados.gob.mx/Gaceta/61/2011/mar/20110317-II.html#Iniciativa13
101	Que reforma los artículos 74 de la Constitución Política de los Estados Unidos Mexicanos y 43 de la Ley Orgánica del Congreso General de los Estados Unidos Mexicano	Poder Ejecutivo, presupuesto	Poder Ejecutivo podrá revisar y modificar el PEF aprobado por la Cámara de Diputados dentro d los 10 días hábiles siguientes a su aprobación	Ricardo Ahued Bardahuil	PRI	Puntos Constitucionales, Régimen, Reglamentos y Prácticas Parlamentarias	3/17/11		En Comision	http://gaceta.diputados.gob.mx/Gaceta/61/2011/mar/20110308-VII.html#Iniciativa14
102	Que reforma el artículo primero transitorio y deroga el décimo segundo y décimo tercero transitorios del Reglamento de la Cámara de Diputados	diputados, trabajo legislativo	Modificar la entrada en vigor del Reglamento, del primero de enero de 2011 al primero de septiembre de 2011.	Reginaldo Rivera de la Torre	PRI	Régimen, Reglamentos y Prácticas Parlamentarias	3/17/11		En Comision	http://gaceta.diputados.gob.mx/Gaceta/61/2011/feb/20110222-A-II.html#Iniciativa14
103	Que reforma diversas disposiciones de la Constitución Política de los Estados Unidos Mexicanos, del Código Federal de Instituciones y Procedimientos Electorales, y de la Ley Orgánica del Poder Judicial de la Federación, y expide la Ley Federal de Participación Ciudadana, en materia de democracia participativa.	participación social, reforma política	Incorporar mecanismos d participación como plebiscito y referéndum p la implementación constitucional y legal d la democracia participativa	Adriana Sarur Torre	PVEM	Gobernación, Justicia, Participación Ciudadana, Puntos Constitucionales	3/23/11		En Comision	http://gaceta.diputados.gob.mx/Gaceta/61/2011/mar/20110323-VI.html#Iniciativa4
104	Que reforma los artículos 31 de la Ley Orgánica de la Administración Pública Federal, y 40 de la Ley Federal de Presupuesto y Responsabilidad Hacendaria	energía, presupuesto	Excluir de las facultades de la SHCP la determinación de los precios de la gasolina y el diesel, así como de las tarifas de electricidad	Agustín Guerrero Castillo	PRD	Presupuesto y Cuenta Pública	3/23/11		En Comision	http://gaceta.diputados.gob.mx/Gaceta/61/2011/mar/20110323-VI.html#Iniciativa7
105	Que reforma, adiciona y deroga diversas disposiciones de las Leyes Orgánica de la Administración Pública Federal, y General de Desarrollo Social, para que los programas sociales se ejecuten a través de las dependencias de los estados homólogas a las del Ejecutivo federal.	desarrollo social	Suprimir Sedesol y sus delegaciones para que los programas de desarrollo social se ejecuten en las dependencias homólogas de los estados.	Antonio Benítez Lucho	PRI	Desarrollo Social, Gobernación	3/24/11		En Comision	http://gaceta.diputados.gob.mx/Gaceta/61/2011/mar/20110317-II.html#Iniciativa17
106	Que reforma el artículo 34 de la Ley Federal de Presupuesto y Responsabilidad Hacendaria, en materia de programas y proyectos de inversión.	evaluación, presupuesto	SHCP hará evaluación costo-beneficio de programas y proyectos de inversión o asignará inmediatamente el registro en la cartera de los mismos	Paula Angélica Hernández Olmos	PRI	Presupuesto y Cuenta Pública	3/24/11		En Comision	http://gaceta.diputados.gob.mx/Gaceta/61/2011/mar/20110303-VII.html#Iniciativa18
107	Decreto que expide una nueva Ley de Seguridad Nacional y abroga la actual.	seguridad nacional	Crear una ley para establecer las atribuciones de las autoridades federales y locales en el desarrollo de políticas de seguridad nacional	Alejandro Encinas Rodríguez	PRD	Gobernación	3/29/11		En Comision	http://gaceta.diputados.gob.mx/Gaceta/61/2011/mar/20110324-VI.html#Iniciativa5
108	Que reforma el artículo 19 de la Ley Federal de Presupuesto y Responsabilidad Hacendaria	desarrollo municipal, excedentes petroleros 	Destinar 20% d excedentes al Fondo de Estabilización p Inversión en Infraestructura d Pemex, 5% a infraestructura y equipamiento municipales	Omar Fayad Meneses	PRI	Presupuesto y Cuenta Pública	3/29/11		En Comision	http://gaceta.diputados.gob.mx/Gaceta/61/2011/mar/20110310-II.html#Iniciativa13
109	Reforma el artículo 29 de la Ley de la Comision Nacional de los Derechos Humanos.	derechos humanos	Crear la figura jurídica Suplencia en la deficiencia de la queja para q la CNDH ayude a las personas a interponer sus quejas correctamente	Congreso de Jalisco	Congreso de Jalisco	Derechos humanos	4/5/11	10/18/11	En Pleno	http://gaceta.diputados.gob.mx/Gaceta/61/2011/abr/20110405-I.html#Iniciativa1
110	Que reforma el artículo 72 de la Constitución Política de los Estados Unidos Mexicanos	diputados, senadores, trabajo legislativo	Promover la deliberación y la eficiencia legislativa y simplificar algunos rasgos del trabajo legislativo	Jaime Fernando Cárdenas Gracia	PT	Puntos Constitucionales	4/5/11		En Comision	http://gaceta.diputados.gob.mx/Gaceta/61/2011/mar/20110315-VII.html#Iniciativa20
111	Reforma y adiciona diversas disposiciones de la Constitución Política de los Estados Unidos Mexicanos	diputados, senadores, trabajo legislativo	Eliminar los periodos de receso del Congreso de la Unión, de tal manera que se sesione todo el año	Marcos Pérez Esquer	PAN	Puntos Constitucionales	4/5/11		En Comision	http://gaceta.diputados.gob.mx/Gaceta/61/2011/mar/20110315-VII.html#Iniciativa22
112	Que reforma el artículo 79 de la Constitución Política de los Estados Unidos Mexicanos	control legislativo, fiscalización	Incluir los principios de certeza, independencia y objetividad en la función de fiscalización, y regular la Auditoría Superior de la Federación	Alejandro Gertz Manero	Convergencia	Puntos Constitucionales	4/5/11		En Comision	http://gaceta.diputados.gob.mx/Gaceta/61/2011/mar/20110331-VII.html#Iniciativa9
113	Que reforma los artículos 69 de la Constitución Política de los Estados Unidos Mexicanos y 7o. de la Ley Orgánica del Congreso General de los Estados Unidos Mexicanos	Poder Ejecutivo, rendición de cuentas	Regular el protocolo y el formato de presentación del informe escrito del Presidente, así como el proceso de revisión.	Miguel Angel García Granados	PRI	Puntos Constitucionales, Régimen, Reglamentos y Prácticas Parlamentarias	4/5/11		En Comision	http://gaceta.diputados.gob.mx/Gaceta/61/2011/mar/20110331-VII.html#Iniciativa5
114	Que reforma el artículo 93 de la Constitución Política de los Estados Unidos Mexicanos	control legislativo, rendición de cuentas	Establecer el plazo en que los secretarios de Estado y el procurador general de la República deberán rendir cuentas ante el Congreso	Juan Gerardo Flores Ramírez	PVEM	Puntos Constitucionales	4/7/11		En Comision	http://gaceta.diputados.gob.mx/Gaceta/61/2011/abr/20110407-VII.html#Iniciativa5
115	Que reforma el artículo 122 de la Constitución Política de los Estados Unidos Mexicanos	trabajo legislativo	Eliminar la figura legal de la cláusula de gobernabilidad en la integración de la ALDF	Juan José Guerra Abud	PVEM	Puntos Constitucionales	4/7/11		En Comision	http://gaceta.diputados.gob.mx/Gaceta/61/2011/abr/20110407-VII.html#Iniciativa9
116	Que reforma y adiciona diversas disposiciones del Código Federal de Instituciones y Procedimientos Electorales, en materia de administración de los tiempos del Estado en radio y televisión, recuento de votos, voto de los mexicanos en el extranjero y el procedimiento especial sancionador.	elecciones, publicidad	Regular la promoción de los programas de gobierno durante los periodos electorales, y limitar el uso de publicidad en los medios de comunicación	Gastón Luken Garza	PAN	Gobernación	4/7/11		En Comision	http://gaceta.diputados.gob.mx/Gaceta/61/2011/abr/20110407-VII.html#Iniciativa3
117	Que adiciona los artículos 93 de la Constitución Política de los Estados Unidos Mexicanos y 25 de la Ley Orgánica de la Administración Pública Federal.	congreso, administración pública federal	Facultar a los congresos locales para solicitar la comparecencia de los delegados de las secretarías de la APF cuando se discuta una ley	Congreso del estado de Coahuila	Congreso del estado de Coahuila	Gobernación, Puntos Constitucionales	4/12/11		En Comision	http://gaceta.diputados.gob.mx/Gaceta/61/2011/abr/20110412-VII.html#Iniciativa7
118	Que reforma y adiciona diversas disposiciones de la Constitución Política de los Estados Unidos Mexicanos	reforma política, participación social	Reforma política que incluye iniciativas ciudadanas, candidaturas independientes, iniciativa preferente, ratificación de funcionarios, consulta popular	Senadores	Senadores	Gobernación, Puntos Constitucionales	4/28/11		En Comision	http://gaceta.diputados.gob.mx/Gaceta/61/2011/abr/20110428-XII.pdf
119	Reforma y adiciona diversas disposiciones de la Ley Agraria y de la Ley de Desarrollo Rural Sustentable.	desarrollo rural 	Ejidos, comunidades y organizaciones de productores podrán elaborar planes de desarrollo rural sustentable y propuestas de políticas públicas	Óscar García Barrón	PRI	Desarrollo Rural, Reforma Agraria	4/29/11		En Comision	http://gaceta.diputados.gob.mx/Gaceta/61/2011/abr/20110426-VII.html#Iniciativa6
120	Proyecto de decreto que reforma y adiciona diversas disposiciones de la Ley Orgánica de la Administración Pública Federal.	equidad de género	Modificar el lenguaje de la LOAPF para que exprese su contenido con perspectiva de género 	Jorge Antonio Kahwagi Macari	Nueva Alianza	Gobernación	4/29/11		En Comision	http://gaceta.diputados.gob.mx/Gaceta/61/2011/abr/20110414-II.html#Iniciativa8
121	Proyecto de decreto que expide la Ley Federal de Comunicación Gubernamental.	publicidad oficial, transparencia	Reglamentar la producción, distribución, contratación y contenidos de la comunicación gubernamental que se realice mediante cualquier medio de comunicación	Javier Corral Jurado	PAN	Gobernación, Radio, Televisión y Cinematografía	4/29/11		En Comision	http://gaceta.diputados.gob.mx/Gaceta/61/2011/abr/20110426-VI.html#Iniciativa28
122	Que expide la Ley que crea la Comision Nacional de Emigrantes, y reforma, adiciona y deroga diversas disposiciones de las Leyes Federal de las Entidades Paraestatales, del Servicio Exterior Mexicano, y General de Población.	migración, derechos humanos	Crear una ley para coordinar y dar cohesión a las políticas de la Administración Pública Federal en materia de emigrantes y los asuntos relacionados con ellos. 	Alejandra Noemí Reynoso Sánchez	PAN	Gobernación, Población, Fronteras y Asuntos Migratorios, Relaciones Exteriores	4/29/11		En Comision	http://gaceta.diputados.gob.mx/Gaceta/61/2011/abr/20110414-II.html#Iniciativa8
123	Que reforma el artículo 5o. de la Ley Federal de Fomento a las Actividades realizadas por Organizaciones de la Sociedad Civil.	participación ciudadana, sociedad civil	Incorporar el concepto de “construcción de ciudadanía desde el reconocimiento de derechos y responsabilidades”, como actividad de las organizaciones de la sociedad civil.	Jorge Antonio Kahwagi Macari	Nueva Alianza	Participación Cuidadana	4/29/11		En Comision	http://gaceta.diputados.gob.mx/Gaceta/61/2011/abr/20110429-VII.html#Iniciativa5
124	Expide la Ley de Migración y reforma, deroga y adiciona diversas disposiciones de la Ley General de Población, del Código Penal Federal, del Código Federal de Procedimientos Penales, de las Leyes: Federal contra la Delincuencia Organizada, De la Policía Federal, De Asociaciones Religiosas y Culto Público, De Inversión Extranjera, y General de Turismo.	migración, derechos humanos, reforma migratoria	Regular ingreso y salida de personas en territorio nacional, y tránsito y estancia de extranjeros, garantizando los derechos humanos y los intereses nacionales.	Senadores	Senadores	Población, Fronteras y Asuntos Migratorios, Justicia	4/29/11		Aprobada	http://gaceta.diputados.gob.mx/Gaceta/61/2011/mar/20110303-I.html#Minuta1, http://gaceta.diputados.gob.mx/Gaceta/61/2011/abr/DOF25MAY2011-LeyMigracion.doc
125	Que reforma el artículo 74 de la Constitución Política de los Estados Unidos Mexicanos.	desarrollo social, presupuesto	Cámara d Diputados podrá intervenir en análisis del ejercicio presupuestario y decidir asignarlos a programas q lo requieran por nuevas necesidades sociales	Andrés Aguirre Romero	PRI	Puntos Constitucionales	4/29/11		En Comision	http://gaceta.diputados.gob.mx/Gaceta/61/2011/mar/20110317-II.html#Iniciativa11
126	Que reforma los artículos 74 de la Constitución Política de los Estados Unidos Mexicanos y 39 y 42 de la Ley Federal de Presupuesto y Responsabilidad Hacendaria	presupuesto	Garantizar que haya un presupuesto aprobado en la fecha límite con los requisitos básicos, con la opción de reasingar recursos posteriormente	Gerardo del Mazo Morales	Nueva Alianza	Puntos Constitucionales	4/29/11		En Comision	http://gaceta.diputados.gob.mx/Gaceta/61/2011/abr/20110428-VIII.html#Iniciativa18
127	Que reforma el artículo 134 de la Constitución Política de los Estados Unidos Mexicanos	publicidad oficial	Prohibir la propaganda en la comunicación social que difunda el poder público en sus tres órdenes de gobierno.	Jesús María Rodríguez Hernández	PRI	Puntos Constitucionales	4/29/11		En Comision	http://gaceta.diputados.gob.mx/Gaceta/61/2011/abr/20110405-IV.html#Iniciativa12
128	Que reforma los artículos 39 y 49 de la Ley Orgánica del Congreso General de los Estados Unidos Mexicanos.	diputados, migración, trabajo legislativo	Crear la Comision Ordinaria de Atención y Protección de los Emigrantes y sus Familiares de la Cámara de Diputados y el Centro de Estudios de los Emigrantes	Alejandra Noemí Reynoso Sánchez	PAN	Régimen, Reglamentos y Prácticas Parlamentarias	4/29/11		En Comision	http://gaceta.diputados.gob.mx/Gaceta/61/2011/abr/20110414-II.html#Iniciativa12
129	Que reforma los artículos 64, 65, 66 y 70 de la Constitución Política de los Estados Unidos Mexicano	trabajo legislativo	Obligar la asistencia de los diputados a las reuniones de Comision. Ampliar el calendario del periodo de sesiones. Restringir la composición de los grupos parlamentarios	José Luis Jaime Correa	PRD	Puntos Constitucionales	5/18/11		En Comision	http://gaceta.diputados.gob.mx/Gaceta/61/2011/may/20110523.html#Iniciativa2
130	Que reforma los artículos 52, 53 y 54 de la Constitución Política de los Estados Unidos Mexicanos	poder legislativo	Reducir el número d diputados de representación proporcional de 200 a 100, y de 300 a 240 el máximo d diputados q podrá tener 1 partido por ambos principios	Arturo Ramírez Bucio	PAN	Puntos Constitucionales	5/18/11		En Comision	http://gaceta.diputados.gob.mx/Gaceta/61/2011/may/20110523.html#Iniciativa10
131	Decreto por el que se reforman los párrafos primeros a los artículos 65 y 66 de la Constitución Política de los Estados Unidos Mexicanos.	diputados, senadores	Ampliar el calendario del periodo de sesiones. 	Juan Carlos Natale López	PAN	Puntos Constitucionales	5/25/11		En Comision	http://gaceta.diputados.gob.mx/Gaceta/61/2011/may/20110530.html#Iniciativa4
132	Que adiciona un sexto párrafo a la fracción IV del artículo 74 y reforma los artículos 75 y 126 de la Constitución Política de los Estados Unidos Mexicanos, reforma diversas disposiciones de la Ley Federal de Presupuesto y Responsabilidad Hacendaria y adiciona el artículo 223 Bis del Código Penal Federal	presupuesto	Modificar varias leyes relacionadas con el presupuesto, definir el proceso para modificarlo y limitar el gasto no progrmado	César Augusto Santiago Ramírez	PRI	Justicia, Presupuesto y Cuenta Pública, Puntos Constitucionales	5/25/11		En Comision	http://gaceta.diputados.gob.mx/Gaceta/61/2011/may/20110530.html#Iniciativa15
133	Que reforma diversas disposiciones del Código Federal de Instituciones y Procedimientos Electorales 	publicidad oficial, transparencia, 	Limitar y fiscalizar el gasto en publicidad electoral contratada por partidos políticos en Internet	José Luis Jaime Correa	PRD	Gobernación	6/1/11		En Comision	http://gaceta.diputados.gob.mx/Gaceta/61/2011/jun/20110606.html#Iniciativa4
134	Que reforma y adiciona los artículos 41 de la Constitución Política de los Estados Unidos Mexicanos, y 38 del Código Federal de Instituciones y Procedimientos Electorales	publicidad oficial	Prohibir que en la propaganda política y electoral de los partidos políticos se promuevan los logros y programas de los gobiernos	Reginaldo Rivera de la Torre	PRI	Puntos Constitucionales	6/22/11		En Comision	http://gaceta.diputados.gob.mx/Gaceta/61/2011/jun/20110627.html#Iniciativa4
135	Que reforma y adiciona diversas disposiciones de la Ley Minera	economía, derecho a la consulta	Es derecho de las comunidades aprobar los proyectos de exploración y explotación que se llevan a cabo en zonas comunales.	Jaime Fernando Cárdenas Gracia	PT	Economía	9/8/11		En Comision	http://gaceta.diputados.gob.mx/Gaceta/61/2011/sep/20110906-III.html#Iniciativa27
136	Se reforman, adicionan y derogan diversas disposiciones de la Ley Federal de Derechos.	finanzas públicas	Ingresos 2012: cambiar varias disposiciones sobre los pagos de derechos que se hacen a la Federación: agua, tránsito, cine, sanidad, ISBN, entre otros.	Poder Ejecutivo	Poder Ejecutivo	Hacienda y Crédito Público	9/13/11		En Comision	http://gaceta.diputados.gob.mx/Gaceta/61/2011/sep/20110913-I.html#Iniciativa3
137	Que reforma, adiciona y deroga diversas disposiciones del Código Fiscal de la Federación.	finanzas públicas	Ingresos 2012: cambiar varias disposiciones sobre trámites y procedimientos fiscales.	Poder Ejecutivo	Poder Ejecutivo	Hacienda y Crédito Público	9/13/11		En Comision	http://gaceta.diputados.gob.mx/Gaceta/61/2011/sep/20110913-I.html#Iniciativa4
138	Proyecto de Presupuesto de Egresos de la Federación para el Ejercicio Fiscal de 2012	presupuesto	Presupuesto de Egresos 2012. 3 ejes principales: seguridad pública, crecimiento económico, desarrollo social. 	Poder Ejecutivo	Poder Ejecutivo	Hacienda y Crédito Público, Presupuesto y Cuenta Pública	9/13/11		En Comision	http://gaceta.diputados.gob.mx/Gaceta/61/2011/sep/20110913-I.html#Iniciativa2
139	Proyecto de Ley de Ingresos de la Federación para el Ejercicio Fiscal de 2012.	finanzas públicas	Ingresos 2012: La Federación ingresará 3 billones 647 mil 907 millones 100 mil pesos (3,647,907.1)	Poder Ejecutivo	Poder Ejecutivo	Hacienda y Crédito Público, Presupuesto y Cuenta Pública	9/13/11		En Comision	http://gaceta.diputados.gob.mx/Gaceta/61/2011/sep/20110913-I.html#Iniciativa1
140	Que reforma y adiciona diversas disposiciones de la Ley General del Sistema Nacional de Seguridad Pública	seguridad nacional, seguridad pública	Incorporar a cinco consejeros ciudadanos como miembros permanentes, con voz y voto, al Consejo Nacional de Seguridad Pública.	José Luis Ovando Patrón, Teresa del Carmen Incháustegui Romero, Alma Carolina Viggiano Austria, Eduardo Yañez Montaño y Gastón Luken Garza	PAN, PRD, PRI, PRI, PAN		9/22/11		En Comision	http://gaceta.diputados.gob.mx/Gaceta/61/2011/sep/20110922-VII.html#Iniciativa10
141	Proyecto de decreto que reforma y adiciona diversas disposiciones de la Ley del Impuesto Sobre la Renta.	sociedad civil	Instituciones de sociedad civil q realicen actividades de interés público serán donatarias autorizadas p/ dar recibos deducibles a donantes	Claudia Edith Anaya Mota	PRD	Hacienda y Crédito Público	9/27/11		En Comision	http://gaceta.diputados.gob.mx/Gaceta/61/2011/sep/20110927-VI.html#Iniciativa14
142	Que reforma los artículos 77 Bis 5, 77 Bis 9 y 77 Bis 37 de la Ley General de Salud	salud	Proporcionar vales o tarjetas canjeables por medicamentos en farmacias públicas o privadas.	Carlos Alberto Ezeta Salcedo	PVEM	Salud	10/6/11		En Comision	http://gaceta.diputados.gob.mx/Gaceta/61/2011/sep/20110906-IV.html#Iniciativa17
143	Que expide la Ley General para prevenir, sancionar y erradicar la Trata de Personas y Delitos Relacionados, abroga la Ley para prevenir y sancionar la Trata de Personas, y reforma diversas disposiciones de los Códigos Penal Federal, Federal de Procedimientos Penales, y Civil Federal, así como de las Leyes Federal contra la Delincuencia Organizada, Orgánica del Poder Judicial de la Federación, de la Policía Federal, Federal de Telecomunicaciones, y General del Sistema Nacional de Seguridad	trata de personas, derecho de las víctimas	Combatir la trata de personas y los delitos relacionados, velar por los derechos de las víctimas y definir las medidas para su protección	Rosi Orozco	PAN	Derechos Humanos, Justicia	8/3/11		En Comision	http://gaceta.diputados.gob.mx/Gaceta/61/2011/ago/20110808.html#Iniciativa2