Sexo,Nombre,Apellidos,Partido,Tipo de elección,Entidad,Distrito,Circunscripción,Teléfono,Extensión,Correo electrónico,Twitter,Comisiones,Bio,Suplente Nombre,Suplente Apellido
F,Luisa María,Alcalde Luján ,Movimiento Ciudadano,Representación proporcional,Distrito Federal,,4,,,,@LuisaAlcalde,,,Laura Patricia,Romo Castorena
F,Martha Beatriz,Córdova Bernal ,Movimiento Ciudadano,Representación proporcional,Chihuahua,,1,,,,,,,Mónica,Becerra Moreno
M,José Francisco,Coronato Rodríguez,Movimiento Ciudadano,Mayoría relativa,Morelos,1,,,,,,,,Héctor Eduardo ,Anaya Pérez
M,Jorge Federico,de la Vega Membrillo,Movimiento Ciudadano,Mayoría relativa,México,38,,,,,,,,Miguel Alfonso ,Vildosola Lacarra
M,Francisco Alfonso,Durazo Montaño ,Movimiento Ciudadano,Representación proporcional,Sonora,,1,,,,,,,Beatriz Ariana ,Flores Alvarado
F,Merilyn,Gómez Pozos,Movimiento Ciudadano,Representación proporcional,Jalisco,,1,,,,,,,Ricardo ,Medina Fierro
F,Zuleyma,Huidobro González ,Movimiento Ciudadano,Representación proporcional,Puebla,,4,,,,@ZuleymaHuidobro,,,Virginia Victoria ,Martínez Gutiérrez
M,José Antonio,Hurtado Gallegos,Movimiento Ciudadano,Mayoría Relativa,Distrito Federal,5,,,,,,,,Juan Andrés,Sollano García
M,Víctor Manuel,Jorrin Lozano,Movimiento Ciudadano,Mayoría Relativa ,Guerrero,4,,,,,,,,Martín ,Plascencia Ávila
M,Juan Luis,Martínez Martínez,Movimiento Ciudadano,Mayoría relativa,Oaxaca,2,,,,,,,,Fausto,Gallardo García
M,Ricardo Sóstenes,Mejía Berdeja,Movimiento Ciudadano,Representación proporcional,Guerrero,,4,,,,,,,Alejandra,Herrera Soto
M,Ricardo,Monreal Ávila ,Movimiento Ciudadano,Representación proporcional,Distrito Federal,,4,,,,@RicardoMonrealA,,,Martha Guadalupe ,Villarreal Rangel
M,Juan Ignacio,Samperio Montaño,Movimiento Ciudadano,Representación proporcional,México,,5,,,,,,,Heidy Guadalupe,Heidy Guadalupe
M,José,Soto Martínez,Movimiento Ciudadano,Mayoría relativa,Oaxaca,1,,,,,,,,Luisa Del Carmen,Zapata Barredo
F,Aída Fabiola,Valencia Ramírez,Movimiento Ciudadano,Mayoría relativa,Oaxaca,10,,,,,,,,Erika Del Carmen ,Ramagnoli Sosa
M,José Luis,Valle Magaña,Movimiento Ciudadano,Representación proporcional,Jalisco,,1,,,,,,,Leticia P,Pérez Gusman
F,Nelly del Carmen,Vargas Pérez ,Movimiento Ciudadano,Representación proporcional,Tabasco,,3,,,,,,,,
M,Fernando,Bribiesca Sahagún ,Nueva Alianza,Representación proporcional,Guanajuato,,2,,,,,,,Ángel ,Domínguez Gutiérrez
M,José Angelino,Caamal Mena ,Nueva Alianza,Representación proporcional,Campeche,,3,,,,,,,Eliseo ,Maheda López
F,María Sanjuana,Cerda Franco ,Nueva Alianza,Representación proporcional,Nuevo León,,2,,,,,,,Adriana,Fonseca García
M,Rubén Benjamín,Félix Hays ,Nueva Alianza,Representación proporcional,Sinaloa,,1,,,,,,,Levi Miroslava,Martínez Cruz
M,René Ricardo,Fujiwara Montelongo ,Nueva Alianza,Representación proporcional,Distrito Federal,,4,,,,,,,Silvia ,Torreblanca Alfaro
F,Lucila,Garfias Gutiérrez,Nueva Alianza,Representación proporcional,México,,5,,,,,,,Mario Francisco ,Guillén Guillén
M,Luis Antonio,González Roldán ,Nueva Alianza,Representación proporcional,México,,5,,,,,,,Carla Ibeth ,Pedrero Espinoza
F,Cristina,Olvera Barrios ,Nueva Alianza,Representación proporcional,Distrito Federal,,4,,,,,,,Esperanza ,Avendaño López
F,Sonia,Rincón Chanona ,Nueva Alianza,Representación proporcional,Chiapas,,3,,,,,,,Ramón,García Matus
F,Dora María Guadalupe,Talamante Lemas ,Nueva Alianza,Representación proporcional,Sonora,,1,,,,,,,Lydia Del Carmen,Abarca Pinzón
M,Rafael,Acosta Croda,Partido Acción Nacional,Mayoría relativa,Veracruz,12,,,,,,,,Priscila María,Acosta Villalpando
M,Juan Pablo,Adame Alemán,Partido Acción Nacional,Representación proporcional,Morelos,,4,,,,,,,Lisbeth,Alonso Carreón
F,Aurora de la Luz,Aguilar Rodríguez,Partido Acción Nacional,Representación proporcional,Tlaxcala,,4,,,,,,,José Antonio,Badia San Martín
M,Marcos,Aguilar Vega,Partido Acción Nacional,Mayoría relativa,Querétaro,3,,,,,,,,María Esther ,Martínez Rivera
M,Felipe de Jesús,Almaguer Torres,Partido Acción Nacional,Mayoría Relativa,San Luis Potosí,6,,,,,,,,Jesús,Aguilar Bueno
M,Humberto,Alonso Morelli,Partido Acción Nacional,Mayoría relativa,Veracruz,4,,,,,,,,Mariam Carolina,Abdo Fierro
F,Martha Berenice,Álvarez Tovar,Partido Acción Nacional,Representación proporcional,Michoacán,,5,,,,,,,Sigifredo,Galaz Varela
M,Ricardo,Anaya Cortés,Partido Acción Nacional,Representación proporcional,Querétaro,,2,,,,,,,Ricardo ,Peña Parra
M,José Guillermo,Anaya Llamas,Partido Acción Nacional,Representación proporcional,Coahuila,,2,,,,,,,Rosalba,Loya García
M,Carlos Fernando,Angulo Parra,Partido Acción Nacional,Mayoría Relativa,Chihuahua,3,,,,,,,,María de Lourdes ,Flores Treviño
M,Juan Jesús ,Aquino Calvo,Partido Acción Nacional,Representación proporcional,Chiapas,,3,,,,,,,Karina Yanet ,Ríos Ornelas
F,Consuelo,Argüelles Loya,Partido Acción Nacional,Representación proporcional,Nuevo León,,2,,,,,,,Amparo ,Villanueva Cruz
M,Xavier,Azuara Zúñiga,Partido Acción Nacional,Mayoría Relativa,San Luis Potosí,5,,,,,,,,Alfio,Vega de la Peña
M,Omar Antonio,Borboa Becerra,Partido Acción Nacional,Mayoría Relativa,Jalisco,10,,,,,,,,Teodoro,Arguijo Hernández
M,José Alfredo,Botello Montes,Partido Acción Nacional,Representación proporcional,Querétaro,,2,,,,,,,Rocío ,Vázquez Hernández
M,Juan,Bueno Torio,Partido Acción Nacional,Representación proporcional,Veracruz,,3,,,,,,,Angela,Anchondo Rivera
M,Juan Francisco,Cáceres de la Fuente,Partido Acción Nacional,Representación proporcional,Tabasco,,3,,,,,,,Luis Fernando ,Mancilla Fuentes
M,Rubén,Camarillo Ortega,Partido Acción Nacional,Representación proporcional,Aguascalientes,,2,,,,,,,Dunia Eliane,de la Vega Preciado
M,Gabriel,Cárdenas Guízar,Partido Acción Nacional,Mayoría relativa,Veracruz,17,,,,,,,,Carmen Alicia,Vera Juárez
M,Genaro,Carreño Muro,Partido Acción Nacional,Mayoría Relativa,Guanajuato,8,,,,,,,,Juan de Jesús,Hernández Ramírez
M,Carlos Humberto,Castaños Valenzuela,Partido Acción Nacional,Representación proporcional,Sinaloa,,1,,,,,,,José Fred ,Guerrero Balanzar
M,Sergio Augusto ,Chan Lugo,Partido Acción Nacional,Representación proporcional,Yucatán,,3,,,,,,,Pedro,González Hinojosa
M,Alberto,Coronado Quintanilla,Partido Acción Nacional,Mayoría Relativa,Nuevo León,6,,,,,,,,Joel,Miranda Martínez
M,Gerardo Maximiliano,Cortázar Lara,Partido Acción Nacional,Representación proporcional,Distrito Federal,,4,,,,,,,Ricardo Janecarlo,Lozano Reynoso
M,Isaías,Cortés Berumen,Partido Acción Nacional,Representación proporcional,Jalisco,,1,,,,,,,Mónica Patricia,Rojas Hernández
F,Eufrosina ,Cruz Mendoza,Partido Acción Nacional,Representación proporcional,Oaxaca,,3,,,,,,,José Cruz,Picazo Sánchez
M,Mario Alberto,Dávila Delgado,Partido Acción Nacional,Mayoría relativa,Coahuila,3,,,,,,,,Rafael,Guerrero Domínguez
M,Andrés ,de la Rosa Anaya,Partido Acción Nacional,Representación proporcional,Baja California,,1,,,,,,,Santos,Hinojosa López
M,Arturo ,De La Rosa Escalante,Partido Acción Nacional,Mayoría Relativa,Baja California Sur,2,,,,,,,,Erwin Francisco,Arriola Doroteo
M,Alberto,Díaz Trujillo,Partido Acción Nacional,Mayoría Relativa,México,15,,,,,,,,Agustín,Palizada Valencia
M,Rodolfo ,Dorador Pérez Gavilán,Partido Acción Nacional,Representación proporcional,Durango,,1,,,,,,,Martha Ofelia ,Zamarripa Rivas
M,Enrique Alejandro,Flores Flores,Partido Acción Nacional,Representación proporcional,San Luis Potosí,,2,,,,,,,Ana,Torres Landa Hernández
M,Víctor Osvaldo,Fuentes Solís,Partido Acción Nacional,Mayoría Relativa,Nuevo León,4,,,,,,,,Armando Tiófanes,Coutiño Núñez
M,David Cuauhtémoc,Galindo Delgado,Partido Acción Nacional,Mayoría relativa,Sonora,2,,,,,,,,Juan Martín,Martínez Cuevas
M,Carlos Alberto,García González,Partido Acción Nacional,Mayoría relativa,Tamaulipas,4,,,,,,,,Erica,Hernández Cabrera
M,José Guadalupe,García Ramírez,Partido Acción Nacional,Mayoría relativa,Querétaro,4,,,,,,,,Rebeca ,Peralta León
F,Mariana Dunyaska ,García Rojas,Partido Acción Nacional,Representación proporcional,Veracruz,,3,,,,,,,Rebeca ,Peralta León
M, Juan Manuel ,Gastélum Buenrostro,Partido Acción Nacional,Mayoría Relativa,Baja California,5,,,,,@JmGastelumB ,,,Hugo,Sandoval Martínez
M,Raúl,Gómez Ramírez,Partido Acción Nacional,Mayoría Relativa,Guanajuato,10,,,,,,,,Nury Delia,Ruiz Ovando
F,Lázara Nelly,González Aguilar,Partido Acción Nacional,Representación proporcional,Tamaulipas,,2,,,,,,,Fidel,Bazán Tenorio
F,Adriana,González Carrillo,Partido Acción Nacional,Representación proporcional,México,,5,,,,,,,Miguel Ángel ,Hernández Hernández
M,Víctor Rafael ,González Manriquez,Partido Acción Nacional,Representación proporcional,Oaxaca,,3,,,,,,,Sandra Areli ,Barrón Martínez
M,José,González Morfín,Partido Acción Nacional,Representación proporcional,Michoacán,,5,,,,,,,Gerardo David,Rodríguez López
M,José Ángel ,González Serna,Partido Acción Nacional,Mayoría Relativa,Aguascalientes,3,,,,,,,,Diana Paulina,Osorio Moreno
M,Néstor Octavio,Gordillo Castillo,Partido Acción Nacional,Mayoría relativa,Puebla,12,,,,,,,,Alicia Guadalupe,Gamboa Martínez
M,Martín Alonso,Heredia Lizárraga,Partido Acción Nacional,Mayoría relativa,Sinaloa,8,,,,,,,,Jaqueline ,del Río López
F,Blanca,Jiménez Castillo,Partido Acción Nacional,Mayoría relativa,Puebla,9,,,,,,,,Luis Alfredo ,Valles Mendoza
F,Raquel,Jiménez Cerillo,Partido Acción Nacional,Representación proporcional,Querétaro,,2,,,,,,,Eduardo ,Solís Nogueira
F,María Teresa,Jiménez Esquivel,Partido Acción Nacional,Mayoría relativa,Aguascalientes,2,,,,,@TereJimenezE ,,Politóloga y doctorante en Derecho.,Ma. Matilde,Martínez Orta
F,Karina,Labastida Sotelo,Partido Acción Nacional,Representación proporcional,México,,5,,,,,,,Brisa Esmeralda,Céspedes Ramos
M,Fernando,Larrazábal Bretón,Partido Acción Nacional,Mayoría Relativa,Nuevo León,10,,,,,,,,Melania,Reynoso Navarro
F,Margarita,Licea González,Partido Acción Nacional,Representación proporcional,Jalisco,,1,,,,,,Licenciatura y maestría en derecho. Fue abogada para varias empresas. ,Virgina ,Barajas Monjarás
M,José Alejandro,Llanas Alba,Partido Acción Nacional,Mayoría relativa,Tamaulipas,3,,,,,,,,Viridiana Lizette,Espino Cano
M,José Martín,López Cisneros,Partido Acción Nacional,Mayoría relativa,Nuevo León,7,,,,,,,,Matilde Alejandra ,Rosas Escobar
F,Leticia,López Landero,Partido Acción Nacional,Mayoría relativa,Veracruz,16,,,,,,,,Norma Elena ,Rangel Pacheco
M,Raudel,López López,Partido Acción Nacional,Representación proporcional,Aguascalientes,,2,,,,,,,,
F,Alejandra,López Noriega,Partido Acción Nacional,Mayoría relativa,Sonora,3,,,,,,,,Verónica,González Gómez
M,Julio César,Lorenzini Rangel,Partido Acción Nacional,Mayoría relativa,Puebla,10,,,,,,,,Ma. Patricia,Alonso Mata
F,Patricia ,Lugo Barriga,Partido Acción Nacional,Representación proporcional,Colima,,5,,,,,,,Yatziri,Mendoza Jiménez
M,Rafael Alejandro,Micalco Méndez,Partido Acción Nacional,Representación proporcional,Puebla,,4,,,,,,,Concepción,Flores Pérez
F,María Guadalupe ,Mondragón González,Partido Acción Nacional,Representación proporcional,México,,5,,,,,,,Fernando ,Olivares Ramos
F,Tania Margarita ,Morgan Navarrete,Partido Acción Nacional,Representación proporcional,Sinaloa,,1,,,,,,,Maribel,Serrano Domínguez
M,Juan Carlos ,Muñoz Márquez,Partido Acción Nacional,Representación proporcional,Guanajuato,,2,,,,,,,Ignacio ,Ramírez Juárez
M,Heberto ,Neblina Vega,Partido Acción Nacional,Representación proporcional,Sonora,,1,,,,,,,José,Adán Abellaneda
M,Homero Ricardo,Niño de Rivera Vela,Partido Acción Nacional,Mayoría Relativa,Nuevo León,1,,,,,,,,Eduardo Enrique,Domínguez Maganda
M,José Luis,Oliveros Usabiaga,Partido Acción Nacional,Mayoría Relativa,Guanajuato,14,,,,,,,,Arturo,López Sugia
M,Marcelino,Orta Coronado,Partido Acción Nacional,Mayoría relativa,Tamaulipas,7,,,,,,,,Roberto,Cabrera Solís
F,María Isabel,Ortíz Mantilla,Partido Acción Nacional,Mayoría Relativa,Puebla,11,,,,,,,,José,Higuera Fuentes
M,Máximo,Othón Zayas,Partido Acción Nacional,Mayoría relativa,Sonora,7,,,,,,,,,
M,J. Jesús ,Oviedo Herrera,Partido Acción Nacional,Mayoría Relativa,Guanajuato,13,,,,,,,,Víctor Efigenio,Martín Cristóbal
M,Germán,Pacheco Díaz,Partido Acción Nacional,Mayoría relativa,Tamaulipas,8,,,,,,,,Manuel Francisco,Tapia Bustos
F,Leslie,Pantoja Hernández,Partido Acción Nacional,Representación proporcional,Sonora,,1,,,,,,,Amanda,García García
M,Raúl,Paz Alonso,Partido Acción Nacional,Mayoría relativa,Yucatán,4,,,,,,,,José Luis,González León
F,Flor de María ,Pedraza Aguilera,Partido Acción Nacional,Representación proporcional,Distrito Federal,,4,,,,,,,Rosa Guadalupe,Chávez Acosta
M,Francisco,Pelayo Covarrubias,Partido Acción Nacional,Mayoría Relativa,Baja California Sur,1,,,,,,,,Rocío,Ruiz de la Barrera
M,Gerardo,Peña Avilés,Partido Acción Nacional,Mayoría relativa,Sinaloa,2,,,,,,,,Alicia Asunción,Grande Olguín
F,Carmen Lucia,Pérez Camarena,Partido Acción Nacional,Representación proporcional,Jalisco,,1,,,,,,,Erika,Gómez Lozada
M,Humberto Armando,Prieto Herrera,Partido Acción Nacional,Mayoría relativa,Tamaulipas,2,,,,,,,,Lázaro,Vera Jiménez
F,Esther ,Quintana Salinas,Partido Acción Nacional,Mayoría relativa,Coahuila,7,,,,,,,,José de Jesús,González Curiel
F,María Concepción,Ramírez Diez Gutiérrez,Partido Acción Nacional,Representación proporcional,San Luis Potosí,,2,,,,,,,José,Soto González
M,Luis Miguel,Ramírez Romero,Partido Acción Nacional,Representación proporcional,Morelos,,4,,,,,,,Lisandra,Ruiz Torres
M,José Enrique,Reina Lizárraga,Partido Acción Nacional,Mayoría Relativa,Sonora,1,,,,,,,,José Daniel,Ochoa Casillas
F,Rocío Esmeralda,Reza Gallegos,Partido Acción Nacional,Representación proporcional,Chihuahua,,1,,,,,,,Gildardo,Sánchez González
F,Alicia Concepción,Ricalde Magaña,Partido Acción Nacional,Representación proporcional,Quintana Roo,,3,,,,,,,Sharon,Rodríguez de la Cruz
M,Alfredo,Rivadeneyra Hernández,Partido Acción Nacional,Representación proporcional,México,,5,,,,,,,María Esther,Gutiérrez Olivares
M,Erick Marte,Rivera Villanueva,Partido Acción Nacional,Representación proporcional,Hidalgo,,5,,,,,,,Álvaro,Martínez García
M,Ernesto Alfonso,Robledo Leal,Partido Acción Nacional,Mayoría relativa,Nuevo León,8,,,,,,,,Lucía,Reynoso Castellanos
M,Fernando ,Rodríguez Doval,Partido Acción Nacional,Representación proporcional,Distrito Federal,,4,,,,,,,Carlos Bernardo,Guzmán Cervantes
M,Diego Sinhué,Rodríguez Vallejo,Partido Acción Nacional,Mayoría Relativa,Guanajuato,5,,,,,,,,Norma Elizabeth,Chávez Arias
F,Leonor,Romero Sevilla,Partido Acción Nacional,Representación proporcional,Tlaxcala,,4,,,,,,,Mariana Guadalupe,Flores Álvarez
M,Jorge,Rosiñol Abreu,Partido Acción Nacional,Representación proporcional,Campeche,,3,,,,,,,Jeanette,Velázquez Sedano
F,Verónica,Sada Pérez,Partido Acción Nacional,Representación proporcional,Nuevo León,,2,,,,,,,Alonso,Barajas Ortíz
F,Margarita,Saldaña Hernández,Partido Acción Nacional,Representación proporcional,Distrito Federal,,4,,,,,,,Luis Armando,Córdova Díaz
M,José Arturo,Salinas Garza,Partido Acción Nacional,Representación proporcional,Nuevo León,,2,,,,,,,Liliana Guadalupe,Morones Vargas
M,Glafiro,Salinas Mendiola,Partido Acción Nacional,Mayoría relativa,Tamaulipas,1,,,,,,,,Rosana Guadalupe,Salcedo Díaz
M,Ramón Antonio,Sampayo Ortiz,Partido Acción Nacional,Representación proporcional,Tamaulipas,,2,,,,,,,Ignacio,Mestas Gallardo
M,Mario,Sánchez Ruiz,Partido Acción Nacional,Representación proporcional,Sonora,,1,,,,,,,Juan Manuel,Rubio Pérez
M,Víctor,Serralde Martínez,Partido Acción Nacional,Mayoría relativa,Veracruz,13,,,,,,,,Marisol,González Torres
F,Martha Leticia,Sosa Govea,Partido Acción Nacional,Representación proporcional,Colima,,5,,,,,,,Marisol,Cano López
M,Jorge Francisco,Sotomayor Chávez,Partido Acción Nacional,Mayoría Relativa,Distrito Federal,15,,,,,,,,Ana María,Chimal Velasco
M,Marcelo de Jesús,Torres Cofiño,Partido Acción Nacional,Mayoría relativa,Coahuila,6,,,,,,,,Elizabeth,Flores Vázquez
M,José Isabel ,Trejo Reyes,Partido Acción Nacional,Representación proporcional,Zacatecas,,2,,,,,,,Marisol,Morales Fernández
F,María Celia,Urciel Castañeda,Partido Acción Nacional,Representación proporcional,Nayarit,,1,,,,,,,Humberto,González Gaistardo
M,Juan Carlos ,Uribe Padilla,Partido Acción Nacional,Representación proporcional,México,,5,,,,,,,Gloria María del Carmen,Valencia González
F,Cynthia Noemí ,Valladares Couoh,Partido Acción Nacional,Representación proporcional,Yucatán,,3,,,,,,,Ana María,Roth González
F,Elizabeth ,Vargas Martín del Campo,Partido Acción Nacional,Mayoría Relativa,Guanajuato,3,,,,,,,,Leticia,García Mejía
M,Jorge Iván,Villalobos Seañez,Partido Acción Nacional,Representación proporcional,Sinaloa,,1,,,,,,,Lucía Cristal,Santiago Martínez
M,Luis Alberto,Villareal García,Partido Acción Nacional,Representación proporcional,Guanajuato,,2,,,,,,,Irere,Sánchez Balderas
M,Ricardo ,Villarreal García,Partido Acción Nacional,Mayoría Relativa,Guanajuato,2,,,,,,,,María Guadalupe,Ayala Bravo
F,Beatríz Eugenia,Yamamoto Cázares,Partido Acción Nacional,Representación proporcional,Coahuila,,2,,,,,,,Giuliana Guadalupe,Quiroz Ávila
F,Elizabeth Oswelia,Yáñez Robles,Partido Acción Nacional,Representación proporcional,Guanajuato,,2,,,,,,,María del Carmen,Guzmán Urban
M,Alfredo,Zamora García  ,Partido Acción Nacional,Representación proporcional,Baja California Sur,,1,,,,,,,Víctor,Sánchez Guerrero
F,María Beatriz,Zavala Peniche,Partido Acción Nacional,Representación proporcional,Yucatán,,3,,,,,,,Magdalena,Saavedra Villagrán
M,Damián,Zepeda Vidales,Partido Acción Nacional,Mayoría relativa,Sonora,5,,,,,,,,Eufemia,Guzmán García
F,Claudia Elena,Águila Torres,Partido de la Revolución Democrática,Mayoría Relativa,Distrito Federal,7,,,,,,,,Silvana,Ortíz Ortega
F,Aleida,Alavez Ruiz,Partido de la Revolución Democrática,Mayoría Relativa,Distrito Federal,19,,,,,,,,Nadya de Jesús,Cruz Serrano
M,Edilberto,Algredo Jaramillo,Partido de la Revolución Democrática,Mayoría relativa,Tlaxcala,3,,,,,,,,Alejandra,Gutu Deskens
M,Agustín Miguel,Alonso Raya,Partido de la Revolución Democrática,Representación proporcional,Guanajuato,,2,,,,,,,Maribel,Martínez Altamirano
M,Antonio,Altamirano Carol,Partido de la Revolución Democrática,Mayoría relativa,Oaxaca,5,,,,,,,,Karina,Kelly Sánchez
F,María de Lourdes,Amaya Reyes,Partido de la Revolución Democrática,Mayoría Relativa,Distrito Federal,25,,,,,,,,María Luilia,Rebollo Cuéllar
M,Luis Manuel,Arias Pallares,Partido de la Revolución Democrática,Representación proporcional,Distrito Federal,,4,,,,,,,Minerva Marisol,Sánchez Hernández
M,Silvano,Aureoles Conejo,Partido de la Revolución Democrática,Mayoría Relativa,Michoacán,3,,,,,,,,Shantall,Zepeda Escobar
M,José Angel,Ávila Pérez,Partido de la Revolución Democrática,Representación proporcional,Distrito Federal,,4,,,,,,,Lizeth Marlenne,Sandoval Colindres
M,Agustín,Barrios Gómez Segues,Partido de la Revolución Democrática,Mayoría Relativa,Distrito Federal,10,,,,,,,,María Gabriela,Bardales Hernández
M,Martí,Batres Guadarrama ,Partido de la Revolución Democrática,Representación proporcional,Distrito Federal,,4,,,,,,,Rodrigo,Rosas Esparza
F,Alliet Mariana,Bautista Bravo,Partido de la Revolución Democrática,Mayoría relativa,México,30,,,,,,,,Elizabeth,Vázquez Hernández
F,Gloria,Bautista Cuevas,Partido de la Revolución Democrática,Mayoría relativa,Oaxaca,3,,,,,,,,Francisco Antonio Eduardo,Mora Molina
M,Víctor Manuel,Bautista López,Partido de la Revolución Democrática,Mayoría relativa,México,31,,,,,,,,Jorge Luis,Núñez Sabino
M,Fernando,Belaunzarán Méndez ,Partido de la Revolución Democrática,Representación proporcional,Distrito Federal,,4,,,,,,,Maricruz,Reyes Galicia
M,Silvano,Blanco de Aquino,Partido de la Revolución Democrática,Mayoría Relativa,Guerrero,3,,,,,,,,Verónica,González Vera
F,Claudia Elizabeth,Bojórquez Javier,Partido de la Revolución Democrática,Mayoría relativa,Tabasco,1,,,,,,,,Alicia,Hernández Monroy
F,Juana,Bonilla Jaime,Partido de la Revolución Democrática,Representación proporcional,México,,5,,,,,,,María Guadalupe,Jaramillo Villa
F,Teresita de Jesús,Borges Pasos ,Partido de la Revolución Democrática,Representación proporcional,Yucatán,,3,,,,,,,Teresita de Jesús,Ramírez Hernández
M,Tomás,Brito Lara,Partido de la Revolución Democrática,Mayoría relativa,Tabasco,2,,,,,,,,Adrián,Hernández Romero
M,Alejandro ,Carbajal González,Partido de la Revolución Democrática,Mayoría Relativa,Distrito Federal,8,,,,,,,,Lizbeth,González Pérez
F,Purificación,Carpinteyro Calderón,Partido de la Revolución Democrática,Mayoría Relativa,Distrito Federal,22,,,,,,,,Leazly Laura,Villar Gómez
M,Mario Miguel,Carrillo Huerta,Partido de la Revolución Democrática,Mayoría relativa,Distrito Federal,16,,,,,,,,Lucía,Sandoval Rentería
M,Ángel,Cedillo Hernández ,Partido de la Revolución Democrática,Representación proporcional,México,,5,,,,,,,Mario César,Gaona García
F,María del Socorro,Ceseñas Chapa,Partido de la Revolución Democrática,Representación proporcional,Nuevo León,,2,,,,,,,Jesús Antonio,Mora González
M,Armando,Contreras Ceballos,Partido de la Revolución Democrática,Mayoría Relativa ,Michoacán,2,,,,,,,,Alejandra,García Gutiérrez
F,Yazmín de los Angeles,Copete Zapot,Partido de la Revolución Democrática,Representación proporcional,Veracruz,,3,,,,,,,Luis,Tapia Hernández
M,Arturo,Cruz Ramírez,Partido de la Revolución Democrática,Mayoría relativa,México,32,,,,,,,,Doroteo,Macías Contreras
M,Fernando ,Cuellar Reyes,Partido de la Revolución Democrática,Mayoría Relativa ,Distrito Federal,3,,,,,,,,Genaro,Hernández Sánchez
M,Mario Alejandro,Cuevas Mena,Partido de la Revolución Democrática,Representación proporcional,Yucatán,,3,,,,,,,Miroslava,Meza Virrueta
M,Carlos,de Jesús Alejandro,Partido de la Revolución Democrática,Mayoría relativa,Guerrero,6,,,,,,,,Jonathán,Sanata González
M,Sebastián Alfonso,de la Rosa Pelaéz,Partido de la Revolución Democrática,Mayoría Relativa,Guerrero,8,,,,,,,,Araceli,Saucedo Reyes
M,Catalino,Duarte Ortuño,Partido de la Revolución Democrática,Mayoría relativa,Guerrero,1,,,,,,,,René,Valencia Reyes
M,Luis Ángel Xariel,Espinosa Cházaro,Partido de la Revolución Democrática,Mayoría Relativa,Distrito Federal,11,,,,,,,,Eduardo,Morán Izaguirre
M,José Luis,Esquivel Zalpa,Partido de la Revolución Democrática,Mayoría Relativa,Michoacán,7,,,,,,,,Jorge,Evangelista Acosta
M,Uriel,Flores Aguayo,Partido de la Revolución Democrática,Mayoría relativa,Veracruz,10,,,,,,,,José Anselmo Vicente ,Muñoz Bisoso
F,Guadalupe Socorro,Flores Salazar,Partido de la Revolución Democrática,Mayoría Relativa,Distrito Federal,27,,,,,,,,Felipe,Pérez Ramírez
M,Juan Manuel,Focil Pérez,Partido de la Revolución Democrática,Representación proporcional,Tabasco,,3,,,,,,,Hipólito,Galarza Urzúa
M,Antonio,García Conejo,Partido de la Revolución Democrática,Mayoría Relativa,Michoacán,11,,,,,,,,Diego Cristóbal,Calderón Estrada
F,Amalia Dolores,García Medina ,Partido de la Revolución Democrática,Representación proporcional,Distrito Federal,,4,,,,,,,Ángel Alain,Aldrete Lamas
F,Verónica,García Reyes ,Partido de la Revolución Democrática,Representación proporcional,Michoacán,,5,,,,,,,Mónica Selene,Saldaña Tapia
M,Marcelo,Garza Ruvalcaba ,Partido de la Revolución Democrática,Representación proporcional,Nuevo León,,2,,,,,,,Erick Gerardo,Treviño Lozano
M,Gerardo,Gaudiano Rovirosa,Partido de la Revolución Democrática,Mayoría Relativa,Tabasco,4,,,,,,,,Ana Rosa,Hernández Cantú
M,Rodrigo,González Barrios,Partido de la Revolución Democrática,Representación proporcional,Nayarit,,1,,,,,,,María Lilyana,Hernández Martínez
M,Valentín,González Bautista,Partido de la Revolución Democrática,Mayoría relativa,México,29,,,,,,,,Ricardo,Flores Suárez
F,Alfa Eliana,González Magallanes,Partido de la Revolución Democrática,Representación proporcional,Coahuila,,2,,,,,,,Luis Fernando,Domínguez Martín del Campo
F,Delfina Elizabeth,Guzmán Díaz,Partido de la Revolución Democrática,Mayoría relativa,Oaxaca,11,,,,,,,,Jesús María,Sena Buenrostro
M,Jhonatan,Jardines Fraire,Partido de la Revolución Democrática,Mayoría relativa,Distrito Federal,6,,,,,,,,Orlando Omar,Pérez Ortega
M,Hugo,Jarquín,Partido de la Revolución Democrática,Mayoría relativa,Oaxaca,8,,,,,,,,Simón,Lomelí Cervantes
F,Verónica Beatriz,Juárez Piña,Partido de la Revolución Democrática,Representación proporcional,Jalisco,,1,,,,,,,Humberto,García Sosa
M,José Antonio,León Mendívil,Partido de la Revolución Democrática,Representación proporcional,Veracruz,,3,,,,,,,Alejandro Martín,Palacios Ochoa
M,Roberto,López González,Partido de la Revolución Democrática,Representación proporcional,Jalisco,,1,,,,,,,Rafael,Reyes Montemayor
M,Gabriel,López Rosado ,Partido de la Revolución Democrática,Representación proporcional,Oaxaca,,3,,,,,,,Carlos Humberto,González García
M,Roberto,López Suárez,Partido de la Revolución Democrática,Representación proporcional,Zacatecas,,2,,,,,,,Adriana,Martínez Soto
F,Roxana,Luna Porquillo ,Partido de la Revolución Democrática,Representación proporcional,Puebla,,4,,,,,,,Lucio,García Enríquez
M,José Valentín,Maldonado Salgado,Partido de la Revolución Democrática,Mayoría Relativa,Distrito Federal,23,,,,,,,,Alma Delia,Gómez Ignacio
M,Víctor Manuel,Manríquez González ,Partido de la Revolución Democrática,Representación proporcional,Michoacán,,5,,,,,,,Leticia,González Yescas
M,Andrés Eloy,Martínez Rojas,Partido de la Revolución Democrática,Mayoría relativa,Morelos,4,,,,,,,,Sergio,Villalobos Marcial
M,Marcos Rosendo,Medina Filigrana,Partido de la Revolución Democrática,Mayoría relativa,Tabasco,5,,,,,,,,Luz,Gómez Solano
F,Julisa,Mejía Guardado ,Partido de la Revolución Democrática,Representación proporcional,México,,5,,,,,,,María Luisa,Matus Fuentes
F,Angélica Rocío,Melchor Vásquez ,Partido de la Revolución Democrática,Representación proporcional,Oaxaca,,3,,,,,,,Ricardo,Coronado Sangines
F,Lorena,Méndez Denis,Partido de la Revolución Democrática,Mayoría Relativa,Tabasco,3,,,,,,,,Eli Eduardo,Vazquez Ramírez
M,Mario Rafael,Méndez Martínez,Partido de la Revolución Democrática,Mayoría relativa,Oaxaca,9,,,,,,,,Jacinta,Aragón Ramírez
F,María del Rosario,Merlín García,Partido de la Revolución Democrática,Mayoría relativa,Guerrero,9,,,,,,,,Yuridia,Sánchez Soriano
F,Martha Lucía ,Mícher Camarena,Partido de la Revolución Democrática,Mayoría Relativa,Distrito Federal,14,,,,,,,,Yolanda,Segbe Sanen
F,María Guadalupe,Moctezuma Oviedo ,Partido de la Revolución Democrática,Representación proporcional,Veracruz,,3,,,,,,,Abraham,Islas Pozos
F,Teresa de Jesús,Mojica Morga,Partido de la Revolución Democrática,Representación proporcional,Guerrero,,4,,,,,,,María del Carmen,Saavedra Fernández
M,Ramón,Montalvo Hernández ,Partido de la Revolución Democrática,Representación proporcional,México,,5,,,,,,,Lucía,Cruz Arroyo
M,Carlos Augusto,Morales López,Partido de la Revolución Democrática,Mayoría Relativa,Distrito Federal,4,,,,,,,,José Juan Trinidad,Morales Morales
M,Trinidad Secundino,Morales Vargas,Partido de la Revolución Democrática,Representación proporcional,Distrito Federal,,4,,,,,,,Jorge Alfonso,Ruiz Romero
M,Israel,Moreno Rivera,Partido de la Revolución Democrática,Mayoría Relativa,Distrito Federal,9,,,,,,,,Arturo,Norato Jiménez
M,Julio César,Moreno Rivera,Partido de la Revolución Democrática,Representación proporcional,Distrito Federal,,4,,,,,,,María Teresa,Ramos Cervantes
F,Gisela Raquel,Mota Ocampo,Partido de la Revolución Democrática,Representación proporcional,Morelos,,4,,,,,,,Genoveva,Huerta Villegas
M,José Luis,Muñoz Soria,Partido de la Revolución Democrática,Mayoría Relativa,Distrito Federal,12,,,,,,,,Liliana,Castillo Terreros
M,Víctor Reymundo,Nájera Medina,Partido de la Revolución Democrática,Mayoría relativa,Morelos,5,,,,,,,,Amparo,Acuña Figueroa
F,Joaquina,Navarrete Contreras,Partido de la Revolución Democrática,Mayoría relativa,México,20,,,,,,,,Irma,Solís Tepepa
F,Yesenia,Nolasco Ramírez ,Partido de la Revolución Democrática,Representación proporcional,Distrito Federal,,4,,,,,,,Cutberto,Cantorán Espinoza
M,Pedro,Porras Pérez ,Partido de la Revolución Democrática,Representación proporcional,México,,5,,,,,,,Esther,Méndez Medel
M,Vicario,Portillo Martínez,Partido de la Revolución Democrática,Mayoría relativa,Guerrero,5,,,,,,,,Irma,Martínez Vargas
M,Domitilo,Posadas Hernández ,Partido de la Revolución Democrática,Representación proporcional,México,,5,,,,,,,Ana María,Vega Fernández
F,Karen,Quiroga Anguiano,Partido de la Revolución Democrática,Mayoría Relativa,Distrito Federal,18,,,,,,,,María Leticia,Bernal Rosales
F,Carla Guadalupe,Reyes Montiel,Partido de la Revolución Democrática,Representación proporcional,México,,5,,,,,,,Elda Yolanda,Hernández Salcido
M,Roberto Carlos,Reyez Gámiz,Partido de la Revolución Democrática,Mayoría Relativa,Distrito Federal,13,,,,,,,,Claudia,Melgoza Juárez
M,Francisco Tomás,Rodríguez Montero,Partido de la Revolución Democrática,Mayoría relativa,Morelos,3,,,,,,,,Martín,de la Cruz Gómez
F,María Fernanda,Romero Lozano ,Partido de la Revolución Democrática,Representación proporcional,Tabasco,,3,,,,,,,Medina Díaz,Maritzza Aracely
F,Lizbeth Eugenia,Rosas Montero,Partido de la Revolución Democrática,Mayoría Relativa,Distrito Federal,1,,,,,,,,Mildrett Karina,Verde Avendaño
F,Jessica,Salazar Trejo,Partido de la Revolución Democrática,Mayoría relativa,México,17,,,,,,,,Hermelinda,Martínez Martínez
F,Graciela,Saldaña Fraire,Partido de la Revolución Democrática,Mayoría relativa,Quintana Roo,3,,,,,,,,María Estela,Moreno Alvarado
M,Jorge,Salgado Parra,Partido de la Revolución Democrática,Mayoría relativa,Guerrero,7,,,,,,,,José Luis,Martínez Meléndez
M,Javier,Salinas Narváez ,Partido de la Revolución Democrática,Representación proporcional,México,,5,,,,,,,Antolinne,Etieene Rivera
F,Josefina,Salinas Pérez ,Partido de la Revolución Democrática,Representación proporcional,México,,5,,,,,,,Jorge,Pérez Covarrubias
M,Alejandro,Sánchez Camacho,Partido de la Revolución Democrática,Mayoría Relativa,Distrito Federal,21,,,,,,,,José Luis,Contreras Rojo
M,Guillermo,Sánchez Torres ,Partido de la Revolución Democrática,Representación proporcional,Distrito Federal,,4,,,,,,,María Merced,León Andablo
M,Antonio,Sansores Sastre,Partido de la Revolución Democrática,Mayoría relativa,Tabasco,6,,,,,,,,Flor Esther,Gastélum Vértiz
M,Rosendo,Serrano Toledo ,Partido de la Revolución Democrática,Representación proporcional,Oaxaca,,3,,,,,,,Samira Guadalupe,Yamuni Robles
F,Margarita Elena,Tapia Fonllem ,Partido de la Revolución Democrática,Representación proporcional,Distrito Federal,,4,,,,,,,Fernando,Camacho Ochoa
F,Crystal ,Tovar Aragón,Partido de la Revolución Democrática,Representación proporcional,Chihuahua,,1,,,,,,"Lic. en Mercadotecnia, maestría en Población, desarrollo y Políticas Públicas. ",José Elías,Muñoz Vega
F,Lorenia Iveth,Valles Sampedro,Partido de la Revolución Democrática,Representación proporcional,sonora,,1,,,,,,,Norma Lucía,Ley Zevada
M,Gerardo,Villanueva Albarrán,Partido de la Revolución Democrática,Mayoría Relativa,Distrito Federal,24,,,,,,,,Ana Alicia,Tiznado Lizárraga
M,Fernando,Zárate Salgado,Partido de la Revolución Democrática,Mayoría Relativa ,Distrito Federal,17,,,,,,,,Mirna,Velázquez López
F,Lilia ,Aguilar Gil,Partido del Trabajo,Representación proporcional,Chihuahua,,1,,,,@liliaguilarz,,,Refugio,Gastélum Rojo
M,Alberto,Anaya Gutiérrez,Partido del Trabajo,Representación proporcional,Nuevo León,,2,,,,,,,Ana María,Gutiérrez Coronado
M,José Alberto,Benavides Castañeda,Partido del Trabajo,Mayoría Relativa,Distrito Federal,20,,,,,,,,Maribel,Enríquez Ramírez
M,Jaime,Bonilla Valdez ,Partido del Trabajo,Representación proporcional,Baja California,,1,,,,,,,Sandra Luz,Fimbres Escalantes
M,Ricardo,Cantú Garza ,Partido del Trabajo,Representación proporcional,México,,5,,,,,,,Blanca Aurora,Camacho Sosa
F,Eva,Diego Cruz,Partido del Trabajo,Mayoría relativa,Oaxaca,4,,,,,,,,Lorena,Gutiérrez Landavazo
M,Manuel Rafael ,Huerta Ladrón de Guevara,Partido del Trabajo,Mayoría Relativa,Distrito Federal,2,,,,,,,,Micaela,Rodríguez Zamora
M,José Arturo,López Cándido,Partido del Trabajo,Mayoría relativa,Distrito Federal,26,,,,,,,,Francisca Rosario,Arana Lugo
F,María del Carmen,Martínez Santillán,Partido del Trabajo,Representación proporcional,Michoacán,,5,,,,,,,Estela,Núñez Álvarez
M,Marino,Miranda Salgado,Partido del Trabajo,Mayoría relativa,Guerrero,2,,,,,,,,Querubín,Sandoval Fernández
F,Magdalena del Socorro,Núñez Monreal ,Partido del Trabajo,Representación proporcional,Zacatecas,,2,,,,,,,María Bárbara,López Castañeda
M,Javier,Orihuela García,Partido del Trabajo,Mayoría relativa,Morelos,2,,,,,,,,Christian Manuel,Narváez Romero
M,Adolfo,Orive Bellinger ,Partido del Trabajo,Representación proporcional,Distrito Federal,,4,,,,@Adolfo_OriveB,,,Edi,Olive López
F,Loretta,Ortiz Ahlf,Partido del Trabajo,Representación proporcional,Distrito Federal,,4,,,,,,,Sebastián,Deya Becerril
M,Héctor Hugo,Roblero Gordillo ,Partido del Trabajo,Representación proporcional,Chiapas,,3,,,,,,,Verónica,Morales Huerta
F,Rosa Elia,Romero Guzmán,Partido del Trabajo,Mayoría relativa,Oaxaca,6,,,,,,,,Marisol,Santes Ramos
F,Araceli,Torres Flores ,Partido del Trabajo,Representación proporcional,Veracruz,,3,,,,,,,Elida,Segura Sifuentes
M,José Humberto,Vega Vázquez,Partido del Trabajo,Mayoría Relativa,Tlaxcala,2,,,,,,,,Belén,Rosales Puente
M,Carlos Humberto,Aceves del Olmo,Partido Revolucionario Institucional,Representación proporcional,Distrito Federal,,4,,,,,,,Blanca Aurelia,Anzaldua Nájera
M,Brasil Alberto,Acosta Peña,Partido Revolucionario Institucional,Representación proporcional,México,,5,,,,,,,Juana María,Sánchez Astello
M,Miguel Ángel,Aguayo López,Partido Revolucionario Institucional,Mayoría Relativa,Colima,1,,,,,,,,Lamberto,González de la Maza
M,Leobardo,Alcalá Padilla,Partido Revolucionario Institucional,Mayoría relativa,Jalisco,8,,,,,,,,Angélica,Morales Salazar
M,Luis Ricardo,Aldana Prieto,Partido Revolucionario Institucional,Representación proporcional,Veracruz,,3,,,,,,,Maximino,Tapia Flores
F,Ana Isabel,Allende Cano,Partido Revolucionario Institucional,Mayoría relativa,Puebla,8,,,,,,,,Samuel Filiberto,Cortés Pérez
F,Brenda María Izontli,Alvarado Sánchez,Partido Revolucionario Institucional,Mayoría relativa,México,11,,,,,,,,María del Carmen,Antonio Nicanor
F,María Elvia,Amaya Araujo,Partido Revolucionario Institucional,Representación proporcional,Baja California,,1,,,,,,,Marianela,Salazar Carrillo
M,Alfredo,Anaya Gudiño,Partido Revolucionario Institucional,Representación proporcional,Michoacán,,5,,,,,,,José Roberto,Arenas Martínez
M,Manuel,Añorve Baños,Partido Revolucionario Institucional,Representación proporcional,Guerrero,,4,,,,@manuelanorve,,,Luis Hernán,Pasos Paredes
F,Elsa Patricia,Araujo de la Torre,Partido Revolucionario Institucional,Representación proporcional,Tamaulipas,,2,,,,,,,Michelle,Gustin Cárdenas
M,Salvador,Arellano Guzmán,Partido Revolucionario Institucional,Mayoría relativa,Jalisco,4,,,,,,,,Mariela,Tovar Lorenzo
F,Alma Jeany,Arroyo Ruiz,Partido Revolucionario Institucional,Mayoría relativa,Veracruz,6,,,,,,,,Adelaida,Ramagnoli Cagnant
M,Francisco Agustín,Arroyo Vieyra,Partido Revolucionario Institucional,Representación proporcional,Guanajuato,,2,,,,,,,Zazil,Reyes Contreras
M,Antonio Francisco,Astiazarán Gutiérrez,Partido Revolucionario Institucional,Mayoría relativa,Sonora,4,,,,,,,,Ángel Abel,Mavil Soto
M,Kamel,Athie Flores,Partido Revolucionario Institucional,Mayoría relativa,Chihuahua,7,,,,,,,,Francisco,Ceballos Capistrán
F,Flor de Rosa,Ayala Robles Linares,Partido Revolucionario Institucional,Representación proporcional,Sonora,,1,,,,@florayalar,,,Patricia Guadalupe,Peña Recio
M,Darío,Badillo Ramírez,Partido Revolucionario Institucional,Mayoría relativa,Hidalgo,1,,,,,,,,Damaris,Osorno Malpica
M,Salvador,Barajas del Toro,Partido Revolucionario Institucional,Mayoría Relativa,Jalisco,19,,,,,,,,Ramiro,Hernández Lozano
M,Marco Antonio,Barba Mariscal,Partido Revolucionario Institucional,Mayoría relativa,Jalisco,13,,,,,,,,Gloria,Ochoa Rueda
F,Delvim Fabiola,Bárcenas Nieves,Partido Revolucionario Institucional,Mayoría Relativa,Querétaro,1,,,,,,,,Juan Isidro,del Bosque Márquez
F,Petra ,Barrera Barrera,Partido Revolucionario Institucional,Mayoría Relativa,Guanajuato,1,,,,,,,,María Cristina,Meneses García
M,Rodimiro,Barrera Estrada,Partido Revolucionario Institucional,Mayoría Relativa,Michoacán,1,,,,,,,,José Manuel,Díaz Rodríguez
F,Laura,Barrera Fortoul,Partido Revolucionario Institucional,Mayoría relativa,México,27,,,,,,,,Adanery,Medina Guerrero
M,Noé,Barrueta Barrón,Partido Revolucionario Institucional,Mayoría relativa,México,36,,,,,,,,María Teresa de Jesús,Moreno Gómez
M,Óscar,Bautista Villegas,Partido Revolucionario Institucional,Mayoría Relativa,San Luis Potosí,3,,,,,,,,Blanca,López Domínguez
M,Manlio Fabio,Beltrones Rivera,Partido Revolucionario Institucional,Representación proporcional,Sonora,,1,,,,@MFBeltrones,,,Isela,González Domínguez
F,Sue Ellen,Bernal Bolnik,Partido Revolucionario Institucional,Mayoría Relativa,México,28,,,,,,,,Mario Alberto,González González
M,Andrés Marco Antonio,Bernal Gutierrez,Partido Revolucionario Institucional,Representación proporcional,Tamaulipas,,2,,,,@MarcoBernalG,,,Lucia Guadalupe,Canto Lara
F,Landy Margarita ,Berzunza Novelo,Partido Revolucionario Institucional,Mayoría relativa,Campeche,1,,,,,@LandyBerzunza,,,Carlos Manuel,Carrillo Paredes
M,Adolfo,Bonilla Gómez,Partido Revolucionario Institucional,Mayoría Relativa,Zacatecas,1,,,,,,,,Imelda Noemy,Pacheco González
M,Benito,Caballero Garza,Partido Revolucionario Institucional,Mayoría relativa,Nuevo León,2,,,,,,,,Alberto Leónides,Escamilla Cerón
F,María Elia ,Cabañas Aparicio ,Partido Revolucionario Institucional,Mayoría Relativa,Baja California,4,,,,,,,,Erica del Carmen,Velázquez Vacio
F,Leticia,Calderón Ramírez,Partido Revolucionario Institucional,Representación proporcional,México,,5,,,,@LetiCalderonR,,,Pablo Manuel Alejandro,Torres Corpus
M,Marco Antonio,Calzada Arroyo,Partido Revolucionario Institucional,Mayoría relativa,México,8,,,,,,,,Ana Marianela,Hernández Peña
M,Lisando Arístides,Campos Córdova,Partido Revolucionario Institucional,Mayoría relativa,Puebla,16,,,,,,,,Edna Olivia,Castañeda Guerra
F,María Elena,Cano Ayala,Partido Revolucionario Institucional,Representación proporcional,Guanajuato,,2,,,,,,,,
M,Eloy,Cantú Segovia,Partido Revolucionario Institucional,Representación proporcional,Nuevo León,,2,,,,@EloyCantuS,,,Norma Esther,Almeida García
M,Juan Manuel,Carbajal Hernándes,Partido Revolucionario Institucional,Mayoría relativa,México,33,,,,,,,,,
F,Miriam,Cárdenas Cantú,Partido Revolucionario Institucional,Representación proporcional,Coahuila,,2,,,,@MiriamCardenasC,,,,
M,Enrique,Cárdenas del Avellano,Partido Revolucionario Institucional,Mayoría relativa,Tamaulipas,5,,,,,,,,,
F,Angelina,Carreño Mijares,Partido Revolucionario Institucional,Mayoría relativa,México,4,,,,,,,,,
F,Minerva,Castillo Rodríguez,Partido Revolucionario Institucional,Mayoría relativa,Chihuahua,6,,,,,,,,,
M,Benjamín ,Castillo Valdez,Partido Revolucionario Institucional,Mayoría Relativa,Baja California,1,,,,,,,,,
M,Fernando Jorge,Castro Trenti,Partido Revolucionario Institucional,Representación proporcional,Baja California,,1,,,,@SenCastroTrenti ,,,,
M,Fernando,Charleston Hernández,Partido Revolucionario Institucional,Mayoría relativa,Veracruz,9,,,,,,,,,
M,Sergio,Chávez Dávalos,Partido Revolucionario Institucional,Mayoría relativa,Jalisco,7,,,,,,,,Claudia Rocío,Villa Oñate
M,Luis Armando,Córdova Díaz,Partido Revolucionario Institucional,Mayoría relativa,Jalisco,16,,,,,,,,,
F,Frine Soraya,Córdova Morán,Partido Revolucionario Institucional,Representación proporcional,Puebla,,4,,,,,,,,
F,María del Rocío,Corona Nakamura,Partido Revolucionario Institucional,Representación proporcional,Jalisco,,1,,,,@RocioCoronaNkm,,,,
F,Francisca Elena,Corrales Corrales,Partido Revolucionario Institucional,Mayoría relativa,Sinaloa,6,,,,,,,,,
F,Maricruz,Cruz Morales,Partido Revolucionario Institucional,Representación proporcional,México,,5,,,,,,,Elsa,Rodríguez García
M,Alberto,Curi Naime,Partido Revolucionario Institucional,Mayoría relativa,México,34,,,,,,,,Bernardeth,Ruiz Romero
F,Rosalba,de la Cruz Requena,Partido Revolucionario Institucional,Mayoría relativa,Tamaulipas,6,,,,,,,,,
M,Fernando Donato,de las Fuentes Hernández,Partido Revolucionario Institucional,Mayoría relativa,Coahuila,4,,,,,,,,,
M,Jorge,del Angel Acosta,Partido Revolucionario Institucional,Representación proporcional,Veracruz,,3,,,,,,,María de los Ángeles,Ibarra Celaya
F,Paulina Alejandra,del Moral Vega,Partido Revolucionario Institucional,Mayoría relativa,México,7,,,,,,,,,
F,Claudia,Delgadillo González,Partido Revolucionario Institucional,Mayoría relativa,Jalisco,11,,,,,,,,,
M,Antonio De Jesús ,Díaz Athié,Partido Revolucionario Institucional,Mayoría relativa,Chiapas,12,,,,,@aDiazAthie ,,,,
M,Víctor Manuel,Díaz Palacios,Partido Revolucionario Institucional,Mayoría relativa,Puebla,3,,,,,,,,,
M,Juan Manuel,Diez Francos,Partido Revolucionario Institucional,Mayoría relativa,Veracruz,15,,,,,,,,,
M,José Enrique,Doger Guerrero,Partido Revolucionario Institucional,Mayoría relativa,Puebla,6,,,,,,,,,
M,Pedro Ignacio ,Domínguez Zepeda,Partido Revolucionario Institucional,Mayoría relativa,Chihuahua,8,,,,,,,,,
M,José Ignacio ,Duarte Murillo,Partido Revolucionario Institucional,Mayoría relativa,Chihuahua,2,,,,,,,,María Guadalupe,Orozco Rivera
F,Irma ,Elizondo Ramírez,Partido Revolucionario Institucional,Mayoría relativa,Coahuila,1,,,,,,,,,
M,José Rubén ,Escajeda Jiménez,Partido Revolucionario Institucional,Mayoría relativa,Durango,3,,,,,,,,,
M,Faustino Francisco,Félix Chávez,Partido Revolucionario Institucional,Mayoría relativa,Sonora,6,,,,,,,,,
M,Francisco Javier,Fernández Clamont,Partido Revolucionario Institucional,Mayoría relativa,México,37,,,,,,,,,
M,Julio César,Flemate Ramírez,Partido Revolucionario Institucional,Mayoría Relativa,Zacatecas,2,,,,,,,,,
M,José Luis,Flores Gómez,Partido Revolucionario Institucional,Mayoría relativa,México,10,,,,,,,,,
M,José Luis,Flores Méndez,Partido Revolucionario Institucional,Mayoría relativa,Coahuila,2,,,,,,,,,
M,Patricio,Flores Sandoval,Partido Revolucionario Institucional,Representación proporcional,Jalisco,,1,,,,,,,Carlos Humberto,Castaños Valenzuela
F,Adriana,Fuentes Téllez,Partido Revolucionario Institucional,Mayoría relativa,Chihuahua,1,,,,,,,,,
F,Erika Yolanda,Funes Velázquez,Partido Revolucionario Institucional,Representación proporcional,México,,5,,,,,,,Vianey,Melendrez López
M,Heriberto Manuel,Galindo Quiñones,Partido Revolucionario Institucional,Representación proporcional,Sinaloa,,1,,,,@HGalindoQ,,,Raquel,Mota Rodríguez
M,Raúl Santos,Galván Villanueva,Partido Revolucionario Institucional,Representación proporcional,Sinaloa,,1,,,,,,,,
F,Lizbeth Loy,Gamboa Song,Partido Revolucionario Institucional,Representación proporcional,Quintana Roo,,3,,,,@Liz_Gamboa,,,,
F,Mariana,Garay Cabada,Partido Revolucionario Institucional,Mayoría Relativa,Veracruz,19,,,,,,,,,
F,María del Carmen,García de la Cadena Romero,Partido Revolucionario Institucional,Mayoría relativa,Puebla,15,,,,,,,,Gisela Edith,Marín Delgado
F,María de las Nieves,García Fernández,Partido Revolucionario Institucional,Representación proporcional,Oaxaca,,3,,,,,,,,
M,Héctor,García García,Partido Revolucionario Institucional,Mayoría relativa,Nuevo León,11,,,,,,,,,
F,Josefina,García Hernández,Partido Revolucionario Institucional,Mayoría relativa,Puebla,4,,,,,,,,,
F,María del Rocío,García Olmedo,Partido Revolucionario Institucional,Mayoría relativa,Puebla,13,,,,,,,,,
F,María Esther,Garza Moreno,Partido Revolucionario Institucional,Mayoría Relativa,Guanajuato,4,,,,,,,,,
F,Celia Isabel,Gauna Ruíz de León,Partido Revolucionario Institucional,Mayoría relativa,Jalisco,12,,,,,,,,,
F,Blanca Esthela,Gómez Carmona,Partido Revolucionario Institucional,Mayoría relativa,México,23,,,,,,,,María Lucrecia,Arzola Godínez
M,Pedro ,Gómez Gómez,Partido Revolucionario Institucional,Mayoría relativa,Chiapas,2,,,,,,,,,
M,Luis ,Gómez Gómez,Partido Revolucionario Institucional,Mayoría relativa,Chiapas,5,,,,,,,,Ana Sofía,Méndez Noriega
M,Roy Argel,Gómez Olguín,Partido Revolucionario Institucional,Mayoría Relativa,Nayarit,2,,,,,,,,Abraham,Correa Acevedo
F,Amira Gricelda,Gómez Tueme,Partido Revolucionario Institucional,Representación proporcional,Tamaulipas,,2,,,,,,,,
F,Cristina,González Cruz,Partido Revolucionario Institucional,Mayoría relativa,México,39,,,,,,,,,
M,Eligio Cuitláhuac,González Farías,Partido Revolucionario Institucional,Mayoría Relativa,Michoacán,8,,,,,,,,Claudia Janneth,Gámez Gutiérrez
F,Irasema,González Martínez,Partido Revolucionario Institucional,Mayoría relativa,México,24,,,,,,,,,
M,Rafael,González Reséndiz,Partido Revolucionario Institucional,Mayoría Relativa,Jalisco,5,,,,,,,,,
M,Marco Antonio,González Valdez,Partido Revolucionario Institucional,Mayoría relativa,Nuevo León,9,,,,,,,,Israel,Soto Peña
M,Francisco,González Vargas,Partido Revolucionario Institucional,Mayoría relativa,Hidalgo,7,,,,,,,,,
M,Francisco,Grajales Palacios,Partido Revolucionario Institucional,Mayoría Relativa,Chiapas,7,,,,,@pacograjales,,,,
F,Rosalba,Gualito Castañeda,Partido Revolucionario Institucional,Mayoría relativa,México,22,,,,,,,,,
M,Abel,Guerra Garza,Partido Revolucionario Institucional,Mayoría relativa,Nuevo León,3,,,,,,,,Cindy Abril,Arvizu Hernández
M,Javier Filiberto,Guevara González,Partido Revolucionario Institucional,Mayoría relativa,Puebla,14,,,,,,,,,
M,Samuel,Gurrión Matías,Partido Revolucionario Institucional,Mayoría relativa,Oaxaca,7,,,,,,,,María Antonia,García Sanjines
M,Harvey ,Gutiérrez Álvarez,Partido Revolucionario Institucional,Mayoría Relativa,Chiapas,4,,,,,@HarveyGutierrez,,,,
M,Héctor Humberto,Gutiérrez de la Garza,Partido Revolucionario Institucional,Mayoría relativa,Nuevo León,5,,,,,,,,,
M,Gaudencio,Hernández Burgos,Partido Revolucionario Institucional,Mayoría relativa,Veracruz,5,,,,,,,,,
M,Noé,Hernández González,Partido Revolucionario Institucional,Mayoría relativa,Veracruz,14,,,,,,,,Martha Miriam,Rodríguez Tiscareño
F,Adriana,Hernández Íñiguez,Partido Revolucionario Institucional,Mayoría Relativa,Michoacán,5,,,,,,,,,
F,Myrna Esmeralda,Hernández Morales,Partido Revolucionario Institucional,Mayoría relativa,Hidalgo,6,,,,,,,,,
M,Gerardo Xavier,Hernández Tapia,Partido Revolucionario Institucional,Mayoría relativa,México,40,,,,,,,,Mayra,Moreno Benítez
M,Jorge,Herrera Delgado,Partido Revolucionario Institucional,Mayoría relativa,Durango,4,,,,,,,,,
M,Gilberto Antonio ,Hirata Chico,Partido Revolucionario Institucional,Mayoría Relativa,Baja California,3,,,,,@gilbertohiratac,,,Diana de Carmen,Vera Ávila
F,María de Jesús,Huerta Rea,Partido Revolucionario Institucional,Representación proporcional,Nuevo León,,2,,,,@maryhuertarea,,,,
M,Alfonso,Inzunza Montoya,Partido Revolucionario Institucional,Mayoría relativa,Sinaloa,3,,,,,,,,,
M,Juan Marcos,Issa Salomón,Partido Revolucionario Institucional,Mayoría relativa,Coahuila,5,,,,,,,,Ana Paola,López Birlain
M,Raymundo,King de la Rosa,Partido Revolucionario Institucional,Mayoría relativa,Quintana Roo,2,,,,,,,,Rocío,Baca Bonifaz
M,Gerardo,Liceaga Arteaga,Partido Revolucionario Institucional,Mayoría relativa,México,2,,,,,,,,,
M,Jaime Chris,López Alvarado,Partido Revolucionario Institucional,Mayoría Relativa,Baja California,6,,,,,,,,,
M,Tomás,López Landero,Partido Revolucionario Institucional,Mayoría relativa,Veracruz,18,,,,,,,,Genaro,Rodríguez Teniente
M,Javier,López Zavala,Partido Revolucionario Institucional,Representación proporcional,Puebla,,4,,,,@JavierLZavala,,,Ofelia,Zumaya Ahumada
M,Raúl,Macías Sandoval,Partido Revolucionario Institucional,Representación proporcional,México,,5,,,,,,,,
F,Arely,Madrid Tovilla,Partido Revolucionario Institucional,Representación proporcional,Chiapas,,3,,,,@Arely_Madrid,,,,
F,María Angélica,Magaña Zepeda,Partido Revolucionario Institucional,Mayoría Relativa,Jalisco,17,,,,,,,,,
M,Fernando Alfredo,Maldonado Hernández,Partido Revolucionario Institucional,Mayoría relativa,México,18,,,,,,,,,
M,José Sergio,Manzur Quiroga,Partido Revolucionario Institucional,Mayoría relativa,México,9,,,,,,,,,
M,José Luis,Márquez Martínez,Partido Revolucionario Institucional,Mayoría relativa,Puebla,2,,,,,,,,,
F,Silvia,Márquez Velasco,Partido Revolucionario Institucional,Mayoría relativa,México,14,,,,,,,,,
F,Esther Angélica,Martínez Cárdenas,Partido Revolucionario Institucional,Mayoría Relativa,San Luis Potosí,2,,,,,,,,Ofelia,Limón Robles
F,Nuvia Magdalena,Mayorga Delgado,Partido Revolucionario Institucional,Representación proporcional,Hidalgo,,5,,,,@Nuvia_Mayorga,,,Aydmé Adriana,Ortiz Rodríguez
F,María Leticia,Mendoza Curiel,Partido Revolucionario Institucional,Mayoría relativa,Jalisco,9,,,,,,,,Susana,Muñoz García
M,Jorge,Mendoza Garza,Partido Revolucionario Institucional,Representación proporcional,Nuevo León,,2,,,,,,,Yadira Asucena,Salas Aguilar
F,Sonia Catalina,Mercado Gallegos,Partido Revolucionario Institucional,Mayoría relativa,Durango,1,,,,,,,,,
F,Emilse,Miranda Munive,Partido Revolucionario Institucional,Mayoría relativa,Hidalgo,4,,,,,,,,,
M,José Alejandro,Montano Guzmán,Partido Revolucionario Institucional,Mayoría relativa,Veracruz,8,,,,,,,,Elsa Yolanda,Borrego Cedillo
M,Abraham,Montes Alvarado,Partido Revolucionario Institucional,Mayoría relativa,Chihuahua,5,,,,,,,,Fernando,Galván Martínez
M,Jesús,Morales Flores,Partido Revolucionario Institucional,Mayoría relativa,Puebla,7,,,,,,,,,
M,José Isidro,Moreno Árcega,Partido Revolucionario Institucional,Mayoría relativa,México,13,,,,,,,,José Dolores,González Ortiz
M,Rafael Alejandro,Moreno Cárdenas,Partido Revolucionario Institucional,Representación proporcional,Campeche,,3,,,,@alitomorenoc,,,,
F,Pilar,Moreno Montoya,Partido Revolucionario Institucional,Mayoría Relativa,Aguascalientes,1,,,,,@Jpilarmoreno,,,Rosalinda,Camacho Esquivel
F,Dulce María,Muñiz Martínez,Partido Revolucionario Institucional,Mayoría relativa,Hidalgo,2,,,,,,,,,
M,Felipe de Jesús,Muñoz Kapamas,Partido Revolucionario Institucional,Representación proporcional,Distrito Federal,,4,,,,,,,,
M,Luis Alfredo ,Murguía Lardizabal,Partido Revolucionario Institucional,Mayoría relativa,Chihuahua,4,,,,,,,,,
M,Jesús ,Murillo Karam,Partido Revolucionario Institucional,Representación proporcional,Hidalgo,,5,,,,,,,,
M,José Everardo,Nava Gómez,Partido Revolucionario Institucional,Mayoría Relativa,San Luis Potosí,1,,,,,,,,,
F,Ma. Concepción,Navarrete Vital,Partido Revolucionario Institucional,Mayoría Relativa,Guanajuato,11,,,,,,,,,
M,César Reynaldo,Navarro de Alba,Partido Revolucionario Institucional,Mayoría relativa,México,12,,,,,,,,,
M,Ossiel Omar,Niáves López,Partido Revolucionario Institucional,Mayoría Relativa,Jalisco,15,,,,,,,,,
F,Gloria Elizabeth,Núñez Sánchez,Partido Revolucionario Institucional,Mayoría Relativa,Nayarit,3,,,,,,,,,
M,Williams Oswaldo,Ochoa Gallegos,Partido Revolucionario Institucional,Mayoría Relativa,Chiapas,6,,,,,@WillyOchoaG,,,,
M,Arnoldo,Ochoa González,Partido Revolucionario Institucional,Representación proporcional,Colima,,5,,,,@ArnoldoOchoa_,,,,
M,Luis,Olvera Correa,Partido Revolucionario Institucional,Mayoría Relativa ,Michoacán,6,,,,,,,,,
F,María del Carmen,Ordaz Martínez,Partido Revolucionario Institucional,Mayoría relativa,Yucatán,2,,,,,,,,,
F,Guadalupe Socorro,Ortega Pacheco,Partido Revolucionario Institucional,Representación proporcional,Yucatán,,3,,,,,,,,
M,Salvador,Ortíz García,Partido Revolucionario Institucional,Mayoría Relativa ,Michoacán,12,,,,,,,,,
M,Ricardo Fidel,Pacheco Rodríguez,Partido Revolucionario Institucional,Representación proporcional,Durango,,1,,,,,,,,
M,Román Alfredo,Padilla Fierro,Partido Revolucionario Institucional,Mayoría relativa,Sinaloa,1,,,,,,,,,
M,Cesáreo,Padilla Navarro,Partido Revolucionario Institucional,Mayoría Relativa,Jalisco,1,,,,,,,,,
F,Zita Beatriz,Pazzi Maza,Partido Revolucionario Institucional,Mayoría relativa,Veracruz,1,,,,,,,,,
M,Hugo Mauricio ,Pérez Anzueto,Partido Revolucionario Institucional,Mayoría Relativa,Chiapas,11,,,,,@AnzuetoDiputado ,,,,
M,José Noel,Pérez de Alba,Partido Revolucionario Institucional,Mayoría relativa,Jalisco,2,,,,,,,,,
F,Elvia María,Pérez Escalante,Partido Revolucionario Institucional,Representación proporcional,Campeche,,3,,,,,,,,
F,Norma,Ponce Orozco,Partido Revolucionario Institucional,Mayoría relativa,México,16,,,,,,,,,
M,Eduardo Román,Quian Alcocer,Partido Revolucionario Institucional,Mayoría relativa,Quintana Roo,1,,,,,,,,,
F,Socorro de la Luz,Quintana León,Partido Revolucionario Institucional,Mayoría Relativa,Michoacán,9,,,,,,,,,
F,Lourdes Eulalia,Quiñones Canales,Partido Revolucionario Institucional,Representación proporcional,Durango,,1,,,,@lourdesquinones,,,,
M,José,Rangel Espinosa,Partido Revolucionario Institucional,Mayoría relativa,México,3,,,,,,,,,
M,Alejandro ,Rangel Segovia,Partido Revolucionario Institucional,Mayoría Relativa,Guanajuato,9,,,,,,,,,
F,Tania,Rellstab Carreto,Partido Revolucionario Institucional,Mayoría relativa,México,35,,,,,,,,,
F,Patricia Elena,Retamoza Vega,Partido Revolucionario Institucional,Representación proporcional,Jalisco,,1,,,,@pattyretamoza,,,,
F,Mayra Karina ,Robles Aguirre,Partido Revolucionario Institucional,Mayoría Relativa,Baja California,8,,,,,,,,,
M,Juan Manuel,Rocha Piedad,Partido Revolucionario Institucional,Mayoría relativa,Nayarit,1,,,,,,,,,
M,José Antonio,Rojo García de Alba,Partido Revolucionario Institucional,Mayoría relativa,Hidalgo,5,,,,,,,,,
M,Jesús Tolentino,Román Bojórquez,Partido Revolucionario Institucional,Mayoría relativa,México,25,,,,,,,,,
M,Salvador,Romero Valencia,Partido Revolucionario Institucional,Mayoría relativa,Michoacán,4,,,,,,,,,
M,Blas Ramón,Rubio Lara,Partido Revolucionario Institucional,Mayoría relativa,Sinaloa,4,,,,,,,,,
M,Genaro,Ruiz Arriaga,Partido Revolucionario Institucional,Mayoría relativa,Veracruz,3,,,,,,,,,
M,Roberto,Ruiz Moronatti,Partido Revolucionario Institucional,Mayoría relativa,México,6,,,,,,,,,
F,Cristina,Ruiz Sandoval,Partido Revolucionario Institucional,Mayoría relativa,México,21,,,,,,,,,
M,Mauricio,Sahui Rivero,Partido Revolucionario Institucional,Mayoría relativa,Yucatán,3,,,,,,,,,
M,Fernando,Salgado Delgado,Partido Revolucionario Institucional,Representación proporcional,México,,5,,,,@CentroInforCTM,,,,
M,Abel Octavio,Salgado Peña,Partido Revolucionario Institucional,Mayoría relativa,Jalisco,6,,,,,,,,,
M,Leopoldo,Sánchez Cruz,Partido Revolucionario Institucional,Mayoría relativa,Veracruz,2,,,,,,,,,
M,Carlos,Sánchez Romero,Partido Revolucionario Institucional,Mayoría relativa,Puebla,5,,,,,,,,,
F,María Guadalupe,Sánchez Santiago,Partido Revolucionario Institucional,Mayoría Relativa,Tlaxcala,1,,,,,,,,,
F,María Fernanda ,Schroeder Verdugo,Partido Revolucionario Institucional,Mayoría Relativa,Baja California,2,,,,,@FernandaSchVer,,Cirujana Dentista,,
M,William Renán,Sosa Altamira,Partido Revolucionario Institucional,Mayoría Relativa,Yucatán,1,,,,,,,,,
F,María Rebeca,Terán Guevara,Partido Revolucionario Institucional,Mayoría relativa,San Luis Potosí,7,,,,,,,,,
M,Jorge,Terán Juárez,Partido Revolucionario Institucional,Mayoría relativa,San Luis Potosí,4,,,,,,,,,
M,Sergio,Torres Félix,Partido Revolucionario Institucional,Mayoría relativa,Sinaloa,7,,,,,,,,,
M,Javier,Treviño Cantú,Partido Revolucionario Institucional,Representación proporcional,Nuevo León,,2,,,,,,,,
M,Pedro Pablo,Treviño Villarreal,Partido Revolucionario Institucional,Mayoría relativa,Nuevo León,12,,,,,,,,,
F,Aurora Denisse,Ugalde Alegría,Partido Revolucionario Institucional,Mayoría relativa,México,19,,,,,,,,,
M,Simón,Valanci Buzali,Partido Revolucionario Institucional,Representación proporcional,Chiapas,,3,,,,,,,,
M,Jesús Antonio,Valdés Palazuelos,Partido Revolucionario Institucional,Mayoría relativa,Sinaloa,5,,,,,,,,,
F,Laura Guadalupe,Vargas Vargas,Partido Revolucionario Institucional,Mayoría relativa,Puebla,1,,,,,,,,,
M,Martín de Jesús,Vásquez Villanueva,Partido Revolucionario Institucional,Representación proporcional,Oaxaca,,3,,,,,,,,
M,Ponciano,Vázquez Parissi,Partido Revolucionario Institucional,Mayoría relativa,Veracruz,21,,,,,,,,,
F,Regina,Vázquez Saut,Partido Revolucionario Institucional,Mayoría relativa,Veracruz,20,,,,,,,,,
M,Marco Alonso,Vela Reyes,Partido Revolucionario Institucional,Mayoría relativa,Yucatán,5,,,,,,,,,
M,Víctor Hugo,Velasco Orozco,Partido Revolucionario Institucional,Mayoría relativa,Hidalgo,3,,,,,,,,,
F,María Guadalupe,Velázquez Díaz,Partido Revolucionario Institucional,Mayoría Relativa,Guanajuato,7,,,,,,,,,
F,Diana Karina,Velázquez Ramírez,Partido Revolucionario Institucional,Mayoría relativa,Chihuahua,9,,,,,,,,,
F,Maricela,Velázquez Sánchez,Partido Revolucionario Institucional,Representación proporcional,Morelos,,4,,,,@MaricelaMVS,,,,
F,Blanca María,Villaseñor Gudiño,Partido Revolucionario Institucional,Representación proporcional,Michoacán,,5,,,,,,,,
F,María de la Paloma,Villaseñor Vargas,Partido Revolucionario Institucional,Representación proporcional,Distrito Federal,,4,,,,,,,,
F,Alma Marina,Vitela Rodríguez,Partido Revolucionario Institucional,Mayoría relativa,Durango,2,,,,,,,,,
M,Darío,Zacarías Capuchino,Partido Revolucionario Institucional,Mayoría relativa,México,5,,,,,,,,,
M,Fernando,Zamora Morales,Partido Revolucionario Institucional,Mayoría relativa,México,26,,,,,,,,,
M,Francisco Alberto ,Zepeda González,Partido Revolucionario Institucional,Mayoría relativa,Colima,2,,,,,,,,,
F,Rocío Adriana ,Abreu Artiñano,Partido Verde Ecologista de México,Mayoría relativa,Campeche,2,,,,,@RAbreuA,,,,
M,Rubén,Acosta Montoya ,Partido Verde Ecologista de México,Representación proporcional,Chihuahua,,1,,,,,,,,
M,Ricardo,Astudillo Suárez,Partido Verde Ecologista de México,Mayoría Relativa,Querétaro,2,,,,,,,,,
M,Enrique,Aubry de Castro Palomino,Partido Verde Ecologista de México,Mayoría Relativa,Jalisco,14,,,,,,,,,
M,Joaquín,Caballero Rosiñol,Partido Verde Ecologista de México,Mayoría Relativa,Veracruz,11,,,,,,,,,
M,Felipe Arturo,Camarena García,Partido Verde Ecologista de México,Mayoría Relativa,Guanajuato,12,,,,,,,,,
F,Verónica,Carreón Cervantes,Partido Verde Ecologista de México,Mayoría Relativa,Veracruz,7,,,,,,,,,
M,Antonio,Cuéllar Steffan,Partido Verde Ecologista de México,Representación proporcional,Aguascalientes,,2,,,,,,,,
M,Arturo,Escobar y Vega,Partido Verde Ecologista de México,Representación proporcional,Distrito Federal,,4,,,,,,,,
F,Mónica,García de la Fuente,Partido Verde Ecologista de México,Representación proporcional,Aguascalientes,,2,,,,,,,,
F,Ana Lilia,Garza Cadena,Partido Verde Ecologista de México,Representación proporcional,Baja California,,1,,,,,,,,
M,Gabriel,Gómez Michel,Partido Verde Ecologista de México,Mayoría Relativa,Jalisco,18,,,,,,,,,
F,Cecilia,González Gómez,Partido Verde Ecologista de México,Mayoría Relativa,Jalisco,3,,,,,,,,,
M,Federico José,González Luna Bueno,Partido Verde Ecologista de México,Representación proporcional,Veracruz,,3,,,,,,,,
F,Judith Magdalena,Guerrero López,Partido Verde Ecologista de México,Mayoría Relativa ,Zacatecas,3,,,,,,,,,
F,Lourdes Adriana ,López Moreno,Partido Verde Ecologista de México,Mayoría Relativa,Chiapas,1,,,,,,,Abogada,,
M,Raciel,López Salazar,Partido Verde Ecologista de México,Representación proporcional,Chiapas,,3,,,,,,,,
F,Laura Ximena,Martel Cantú,Partido Verde Ecologista de México,Representación proporcional,Distrito Federal,,4,,,,,,,,
F,Gabriela,Medrano Galindo,Partido Verde Ecologista de México,Representación proporcional,Quintana Roo,,3,,,,,,,,
M,Héctor ,Narcia Álvarez,Partido Verde Ecologista de México,Mayoría Relativa,Chiapas,10,,,,,@NarciaHector ,,,,
M,Ernesto,Núñez Aguilar,Partido Verde Ecologista de México,Mayoría Relativa,Michoacán,10,,,,,,,,,
M,Nabor,Ochoa López,Partido Verde Ecologista de México,Representación proporcional,Colima,,5,,,,,,,María del Carmen,Pérez Jiménez
M,Javier,Orozco Gómez,Partido Verde Ecologista de México,Representación proporcional,Estado de México,,5,,,,,,,,
F,Carla Alicia,Padilla Ramos,Partido Verde Ecologista de México,Representación proporcional,Estado de México,,5,,,,,,,,
F,María Del Rosario De Fátima ,Pariente Gavito,Partido Verde Ecologista de México,Mayoría Relativa,Chiapas,9,,,,,@RosarioPariente,,,,
F,Rosa Elba,Pérez Hernández,Partido Verde Ecologista de México,Mayoría Relativa,Guanajuato,6,,,,,,,,,
M,David ,Pérez Tejada Padilla,Partido Verde Ecologista de México,Mayoría Relativa,Baja California,7,,,,,,,,,
M,Oscar Eduardo ,Ramírez Aguilar,Partido Verde Ecologista de México,Mayoría relativa,Chiapas,8,,,,,,,,,
F,Bárbara Gabriela,Romo Fonseca,Partido Verde Ecologista de México,Mayoría Relativa,Zacatecas,4,,,,,,,,,
M,José Miguel,Sámano Peralta,Partido Verde Ecologista de México,Mayoría relativa,México,1,,,,,,,,,
M,Tomás,Torres Mercado,Partido Verde Ecologista de México,Representación proporcional,Zacatecas,,2,,,,,,,,
M,Amilcar Augusto,Villafuerte Trujillo,Partido Verde Ecologista de México,Mayoría Relativa,Chiapas,3,,,,,,,,,
F,Martha Edith,Vital Vera,Partido Verde Ecologista de México,Representación proporcional,Chiapas,,3,,,,,,,,
F,Ruth ,Zavaleta Salgado,Partido Verde Ecologista de México,Representación proporcional,Distrito Federal,,4,,,,,,,,