sexo,nombre,apellidos,partido,tipo_de_eleccion,entidad,distrito,circunscripcion,telefono,extension,correo_electronico,twitter,comisiones,bio,suplente_nombre,suplente_apellido
F,Rocío Adriana ,Abreu Artiñano,Partido Revolucionario Institucional,Mayoría relativa,Campeche,2,,,,,@RAbreuA,,,Laura Patricia,Romo Castorena
M,Carlos Humberto,Aceves del Olmo,Partido Revolucionario Institucional,Representación proporcional,Distrito Federal,,4,,,,,,,Mónica,Becerra Moreno
M,Rafael,Acosta Croda,Partido Acción Nacional,Mayoría relativa,Veracruz,12,,,,,@RafaelAcostaMx ,,,Héctor Eduardo ,Anaya Pérez
M,Rubén,Acosta Montoya ,Partido Verde Ecologista de México,Representación proporcional,Chihuahua,,1,,,,,,,Miguel Alfonso ,Vildosola Lacarra
M,Brasil Alberto,Acosta Peña,Partido Revolucionario Institucional,Representación proporcional,México,,5,,,,,,,Beatriz Ariana ,Flores Alvarado
M,Juan Pablo,Adame Alemán,Partido Acción Nacional,Representación proporcional,Morelos,,4,,,,@JuanPabloAdame,,,Ricardo ,Medina Fierro
M,Miguel Ángel,Aguayo López,Partido Revolucionario Institucional,Mayoría Relativa,Colima,1,,,,,@MiguelAguayoMx,,,Virginia Victoria ,Martínez Gutiérrez
F,Claudia Elena,Águila Torres,Partido de la Revolución Democrática,Mayoría Relativa,Distrito Federal,7,,,,,,,,Juan Andrés,Sollano García
F,Lilia ,Aguilar Gil,Partido del Trabajo,Representación proporcional,Chihuahua,,1,,,,@liliaguilarz,,,Martín ,Plascencia Ávila
F,Aurora de la Luz,Aguilar Rodríguez,Partido Acción Nacional,Representación proporcional,Tlaxcala,,4,,,,,,,Fausto,Gallardo García
M,Marcos,Aguilar Vega,Partido Acción Nacional,Mayoría relativa,Querétaro,3,,,,,@MarcosAguilar ,,,Alejandra,Herrera Soto
F,Aleida,Alavez Ruiz,Partido de la Revolución Democrática,Mayoría Relativa,Distrito Federal,19,,,,,,,,Martha Guadalupe ,Villarreal Rangel
M,Leobardo,Alcalá Padilla,Partido Revolucionario Institucional,Mayoría relativa,Jalisco,8,,,,,@Leobardo_Alcala,,,Heidy Guadalupe,Heidy Guadalupe
F,Luisa María,Alcalde Luján ,Movimiento Ciudadano,Representación proporcional,Distrito Federal,,4,,,,@LuisaAlcalde,,,Luisa Del Carmen,Zapata Barredo
M,Luis Ricardo,Aldana Prieto,Partido Revolucionario Institucional,Representación proporcional,Veracruz,,3,,,,,,,Erika Del Carmen ,Ramagnoli Sosa
M,Edilberto,Algredo Jaramillo,Partido de la Revolución Democrática,Mayoría relativa,Tlaxcala,3,,,,,,,,Leticia P,Pérez Gusman
F,Ana Isabel,Allende Cano,Partido Revolucionario Institucional,Mayoría relativa,Puebla,8,,,,,@anitzaisa,,,,
M,Felipe de Jesús,Almaguer Torres,Partido Acción Nacional,Mayoría Relativa,San Luis Potosí,6,,,,,@felipedejesusal ,,,Ángel ,Domínguez Gutiérrez
M,Humberto,Alonso Morelli,Partido Acción Nacional,Mayoría relativa,Veracruz,4,,,,,@MorelliBoca,,,Eliseo ,Maheda López
M,Agustín Miguel,Alonso Raya,Partido de la Revolución Democrática,Representación proporcional,Guanajuato,,2,,,,,,,Adriana,Fonseca García
M,Antonio,Altamirano Carol,Partido de la Revolución Democrática,Mayoría relativa,Oaxaca,5,,,,,@CarolAntonioA,,,Levi Miroslava,Martínez Cruz
F,Brenda María Izontli,Alvarado Sánchez,Partido Revolucionario Institucional,Mayoría relativa,México,11,,,,,@Bren_Alvarado,,,Silvia ,Torreblanca Alfaro
F,Martha Berenice,Álvarez Tovar,Partido Acción Nacional,Representación proporcional,Michoacán,,5,,,,,,,Mario Francisco ,Guillén Guillén
F,María Elvia,Amaya Araujo,Partido Revolucionario Institucional,Representación proporcional,Baja California,,1,,,,,,,Carla Ibeth ,Pedrero Espinoza
F,María de Lourdes,Amaya Reyes,Partido de la Revolución Democrática,Mayoría Relativa,Distrito Federal,25,,,,,,,,Esperanza ,Avendaño López
M,Ricardo,Anaya Cortés,Partido Acción Nacional,Representación proporcional,Querétaro,,2,,,,@RicardoAnayaC,,,Ramón,García Matus
M,Alfredo,Anaya Gudiño,Partido Revolucionario Institucional,Representación proporcional,Michoacán,,5,,,,,,,Lydia Del Carmen,Abarca Pinzón
M,Alberto,Anaya Gutiérrez,Partido del Trabajo,Representación proporcional,Nuevo León,,2,,,,,,,Priscila María,Acosta Villalpando
M,José Guillermo,Anaya Llamas,Partido Acción Nacional,Representación proporcional,Coahuila,,2,,,,,,,Lisbeth,Alonso Carreón
M,Carlos Fernando,Angulo Parra,Partido Acción Nacional,Mayoría Relativa,Chihuahua,3,,,,,@CarlosAnguloP ,,,José Antonio,Badia San Martín
M,Manuel,Añorve Baños,Partido Revolucionario Institucional,Representación proporcional,Guerrero,,4,,,,@manuelanorve,,,María Esther ,Martínez Rivera
M,Juan Jesús ,Aquino Calvo,Partido Acción Nacional,Representación proporcional,Chiapas,,3,,,,@Juan_Aquino_,,,Jesús,Aguilar Bueno
F,Elsa Patricia,Araujo de la Torre,Partido Revolucionario Institucional,Representación proporcional,Tamaulipas,,2,,,,,,,Mariam Carolina,Abdo Fierro
M,Salvador,Arellano Guzmán,Partido Revolucionario Institucional,Mayoría relativa,Jalisco,4,,,,,,,,Sigifredo,Galaz Varela
F,Consuelo,Argüelles Loya,Partido Acción Nacional,Representación proporcional,Nuevo León,,2,,,,,,,Ricardo ,Peña Parra
M,Luis Manuel,Arias Pallares,Partido de la Revolución Democrática,Representación proporcional,Distrito Federal,,4,,,,,,,Rosalba,Loya García
F,Alma Jeanny,Arroyo Ruiz,Partido Revolucionario Institucional,Mayoría relativa,Veracruz,6,,,,,@Jeanny_arroyo,,,María de Lourdes ,Flores Treviño
M,Francisco Agustín,Arroyo Vieyra,Partido Revolucionario Institucional,Representación proporcional,Guanajuato,,2,,,,,,,Karina Yanet ,Ríos Ornelas
M,Antonio Francisco,Astiazarán Gutiérrez,Partido Revolucionario Institucional,Mayoría relativa,Sonora,4,,,,, @tonoastiazaran,,,Amparo ,Villanueva Cruz
M,Ricardo,Astudillo Suárez,Partido Verde Ecologista de México,Mayoría Relativa,Querétaro,2,,,,,,,,Alfio,Vega de la Peña
M,Kamel,Athie Flores,Partido Revolucionario Institucional,Mayoría relativa,Chihuahua,7,,,,,@KamelAthie,,,Teodoro,Arguijo Hernández
M,Enrique,Aubry de Castro Palomino,Partido Verde Ecologista de México,Mayoría Relativa,Jalisco,14,,,,,,,,Rocío ,Vázquez Hernández
M,Silvano,Aureoles Conejo,Partido de la Revolución Democrática,Mayoría Relativa,Michoacán,3,,,,,,,,Angela,Anchondo Rivera
M,José Angel,Ávila Pérez,Partido de la Revolución Democrática,Representación proporcional,Distrito Federal,,4,,,,,,,Luis Fernando ,Mancilla Fuentes
F,Flor de Rosa,Ayala Robles Linares,Partido Revolucionario Institucional,Representación proporcional,Sonora,,1,,,,@florayalar,,,Dunia Eliane,de la Vega Preciado
M,Xavier,Azuara Zúñiga,Partido Acción Nacional,Mayoría Relativa,San Luis Potosí,5,,,,,@XavierAzuaraSLP,,,Carmen Alicia,Vera Juárez
M,Darío,Badillo Ramírez,Partido Revolucionario Institucional,Mayoría relativa,Hidalgo,1,,,,,,,,Juan de Jesús,Hernández Ramírez
M,Salvador,Barajas del Toro,Partido Revolucionario Institucional,Mayoría Relativa,Jalisco,19,,,,,@Chava_Barajas_T,,,José Fred ,Guerrero Balanzar
M,Marco Antonio,Barba Mariscal,Partido Revolucionario Institucional,Mayoría relativa,Jalisco,13,,,,,@marco_barba,,,Pedro,González Hinojosa
F,Delvim Fabiola,Bárcenas Nieves,Partido Revolucionario Institucional,Mayoría Relativa,Querétaro,1,,,,,@delvimdiputada,,,Joel,Miranda Martínez
F,Petra ,Barrera Barrera,Partido Revolucionario Institucional,Mayoría Relativa,Guanajuato,1,,,,,,,,Ricardo Janecarlo,Lozano Reynoso
M,Rodimiro,Barrera Estrada,Partido Revolucionario Institucional,Mayoría Relativa,Michoacán,1,,,,,,,,Mónica Patricia,Rojas Hernández
F,Laura,Barrera Fortoul,Partido Revolucionario Institucional,Mayoría relativa,México,27,,,,,@LauraBarreraF,,,José Cruz,Picazo Sánchez
M,Agustín,Barrios Gómez Segues,Partido de la Revolución Democrática,Mayoría Relativa,Distrito Federal,10,,,,,,,,Rafael,Guerrero Domínguez
M,Noé,Barrueta Barrón,Partido Revolucionario Institucional,Mayoría relativa,México,36,,,,,@noe_barrueta,,,Santos,Hinojosa López
M,Martí,Batres Guadarrama ,Partido de la Revolución Democrática,Representación proporcional,Distrito Federal,,4,,,,@martibatres,,,Erwin Francisco,Arriola Doroteo
F,Alliet Mariana,Bautista Bravo,Partido de la Revolución Democrática,Mayoría relativa,México,30,,,,,@Allietcandidata,,,Agustín,Palizada Valencia
F,Gloria,Bautista Cuevas,Partido de la Revolución Democrática,Mayoría relativa,Oaxaca,3,,,,,@gloriabautista7,,,Martha Ofelia ,Zamarripa Rivas
M,Víctor Manuel,Bautista López,Partido de la Revolución Democrática,Mayoría relativa,México,31,,,,,,,,Ana,Torres Landa Hernández
M,Óscar,Bautista Villegas,Partido Revolucionario Institucional,Mayoría Relativa,San Luis Potosí,3,,,,,@OscarBV3,,,Armando Tiófanes,Coutiño Núñez
M,Fernando,Belaunzarán Méndez ,Partido de la Revolución Democrática,Representación proporcional,Distrito Federal,,4,,,,,,,Juan Martín,Martínez Cuevas
M,Manlio Fabio,Beltrones Rivera,Partido Revolucionario Institucional,Representación proporcional,Sonora,,1,,,,@MFBeltrones,,,Erica,Hernández Cabrera
M,José Alberto,Benavides Castañeda,Partido del Trabajo,Mayoría Relativa,Distrito Federal,20,,,,,,,,Rebeca ,Peralta León
F,Sue Ellen,Bernal Bolnik,Partido Revolucionario Institucional,Mayoría Relativa,México,28,,,,,@Sue_Bernal ,,,Rebeca ,Peralta León
M,Andrés Marco Antonio,Bernal Gutierrez,Partido Revolucionario Institucional,Representación proporcional,Tamaulipas,,2,,,,@MarcoBernalG,,,Hugo,Sandoval Martínez
F,Landy Margarita ,Berzunza Novelo,Partido Revolucionario Institucional,Mayoría relativa,Campeche,1,,,,,@LandyBerzunza,,,Nury Delia,Ruiz Ovando
M,Silvano,Blanco de Aquino,Partido de la Revolución Democrática,Mayoría Relativa,Guerrero,3,,,,,,,,Fidel,Bazán Tenorio
F,Claudia Elizabeth,Bojórquez Javier,Partido de la Revolución Democrática,Mayoría relativa,Tabasco,1,,,,,@ClaudiaBojorque,,,Miguel Ángel ,Hernández Hernández
M,Adolfo,Bonilla Gómez,Partido Revolucionario Institucional,Mayoría Relativa,Zacatecas,1,,,,,@fitobonilla,,,Sandra Areli ,Barrón Martínez
F,Juana,Bonilla Jaime,Partido de la Revolución Democrática,Representación proporcional,México,,5,,,,,,,Gerardo David,Rodríguez López
M,Jaime,Bonilla Valdez ,Partido del Trabajo,Representación proporcional,Baja California,,1,,,,,,,Diana Paulina,Osorio Moreno
M,Omar Antonio,Borboa Becerra,Partido Acción Nacional,Mayoría Relativa,Jalisco,10,,,,,,,,Alicia Guadalupe,Gamboa Martínez
F,Teresita de Jesús,Borges Pasos ,Partido de la Revolución Democrática,Representación proporcional,Yucatán,,3,,,,,,,Jaqueline ,del Río López
M,José Alfredo,Botello Montes,Partido Acción Nacional,Representación proporcional,Querétaro,,2,,,,,,,Luis Alfredo ,Valles Mendoza
M,Fernando,Bribiesca Sahagún ,Nueva Alianza,Representación proporcional,Guanajuato,,2,,,,,,,Eduardo ,Solís Nogueira
M,Tomás,Brito Lara,Partido de la Revolución Democrática,Mayoría relativa,Tabasco,2,,,,,,,,Ma. Matilde,Martínez Orta
M,Juan,Bueno Torio,Partido Acción Nacional,Representación proporcional,Veracruz,,3,,,,@juanbuenot,,,Brisa Esmeralda,Céspedes Ramos
M,José Angelino,Caamal Mena ,Nueva Alianza,Representación proporcional,Campeche,,3,,,,,,,Melania,Reynoso Navarro
M,Benito,Caballero Garza,Partido Revolucionario Institucional,Mayoría relativa,Nuevo León,2,,,,,,,,Virgina ,Barajas Monjarás
M,Joaquín,Caballero Rosiñol,Partido Revolucionario Institucional,Mayoría Relativa,Veracruz,11,,,,,,,,Viridiana Lizette,Espino Cano
F,María Elia ,Cabañas Aparicio ,Partido Revolucionario Institucional,Mayoría Relativa,Baja California,4,,,,,,,,Matilde Alejandra ,Rosas Escobar
M,Juan Francisco,Cáceres de la Fuente,Partido Acción Nacional,Representación proporcional,Tabasco,,3,,,,,,,Norma Elena ,Rangel Pacheco
F,Leticia,Calderón Ramírez,Partido Revolucionario Institucional,Representación proporcional,México,,5,,,,@LetiCalderonR,,,,
M,Marco Antonio,Calzada Arroyo,Partido Revolucionario Institucional,Mayoría relativa,México,8,,,,,@Marco_Calzada,,,Verónica,González Gómez
M,Felipe Arturo,Camarena García,Partido Verde Ecologista de México,Mayoría Relativa,Guanajuato,12,,,,,,,,Ma. Patricia,Alonso Mata
M,Rubén,Camarillo Ortega,Partido Acción Nacional,Representación proporcional,Aguascalientes,,2,,,,,,,Yatziri,Mendoza Jiménez
M,Lisando Arístides,Campos Córdova,Partido Revolucionario Institucional,Mayoría relativa,Puebla,16,,,,,,,,Concepción,Flores Pérez
F,María Elena,Cano Ayala,Partido Revolucionario Institucional,Representación proporcional,Guanajuato,,2,,,,,,,Fernando ,Olivares Ramos
M,Ricardo,Cantú Garza ,Partido del Trabajo,Representación proporcional,México,,5,,,,,,,Maribel,Serrano Domínguez
M,Eloy,Cantú Segovia,Partido Revolucionario Institucional,Representación proporcional,Nuevo León,,2,,,,@EloyCantuS,,,Ignacio ,Ramírez Juárez
M,Alejandro ,Carbajal González,Partido de la Revolución Democrática,Mayoría Relativa,Distrito Federal,8,,,,,,,,José,Adán Abellaneda
M,Juan Manuel,Carbajal Hernándes,Partido Revolucionario Institucional,Mayoría relativa,México,33,,,,,@JMCarbajalH,,,Eduardo Enrique,Domínguez Maganda
F,Miriam,Cárdenas Cantú,Partido Revolucionario Institucional,Representación proporcional,Coahuila,,2,,,,@MiriamCardenasC,,,Arturo,López Sugia
M,Enrique,Cárdenas del Avellano,Partido Revolucionario Institucional,Mayoría relativa,Tamaulipas,5,,,,,@cardenasenrique,,,Roberto,Cabrera Solís
M,Gabriel,Cárdenas Guízar,Partido Acción Nacional,Mayoría relativa,Veracruz,17,,,,,@CardenasGabriel,,,José,Higuera Fuentes
F,Purificación,Carpinteyro Calderón,Partido de la Revolución Democrática,Mayoría Relativa,Distrito Federal,22,,,,,,,,,
F,Angelina,Carreño Mijares,Partido Revolucionario Institucional,Mayoría relativa,México,4,,,,,@AngelinaCM_,,,Víctor Efigenio,Martín Cristóbal
M,Genaro,Carreño Muro,Partido Acción Nacional,Mayoría Relativa,Guanajuato,8,,,,,@Genaro_Carreno,,,Manuel Francisco,Tapia Bustos
F,Verónica,Carreón Cervantes,Partido Revolucionario Institucional,Mayoría Relativa,Veracruz,7,,,,,,,,Amanda,García García
M,Mario Miguel,Carrillo Huerta,Partido de la Revolución Democrática,Mayoría relativa,Distrito Federal,16,,,,,@mariocarrillomx,,,José Luis,González León
M,Carlos Humberto,Castaños Valenzuela,Partido Acción Nacional,Representación proporcional,Sinaloa,,1,,,,@carloscastanos,,,Rosa Guadalupe,Chávez Acosta
F,Minerva,Castillo Rodríguez,Partido Revolucionario Institucional,Mayoría relativa,Chihuahua,6,,,,,@MinervaCR1,,,Rocío,Ruiz de la Barrera
M,Benjamín ,Castillo Valdez,Partido Revolucionario Institucional,Mayoría Relativa,Baja California,1,,,,,,,,Alicia Asunción,Grande Olguín
M,Fernando Jorge,Castro Trenti,Partido Revolucionario Institucional,Representación proporcional,Baja California,,1,,,,@SenCastroTrenti ,,,Erika,Gómez Lozada
M,Ángel,Cedillo Hernández ,Partido de la Revolución Democrática,Representación proporcional,México,,5,,,,,,,Lázaro,Vera Jiménez
F,María Sanjuana,Cerda Franco ,Nueva Alianza,Representación proporcional,Nuevo León,,2,,,,,,,José de Jesús,González Curiel
F,María del Socorro,Ceseñas Chapa,Partido de la Revolución Democrática,Representación proporcional,Nuevo León,,2,,,,,,,José,Soto González
M,Sergio Augusto ,Chan Lugo,Partido Acción Nacional,Representación proporcional,Yucatán,,3,,,,,,,Lisandra,Ruiz Torres
M,Fernando,Charleston Hernández,Partido Revolucionario Institucional,Mayoría relativa,Veracruz,9,,,,,@fercharleston,,,José Daniel,Ochoa Casillas
M,Sergio,Chávez Dávalos,Partido Revolucionario Institucional,Mayoría relativa,Jalisco,7,,,,,@SergioChavez_D,,,Gildardo,Sánchez González
M,Armando,Contreras Ceballos,Partido de la Revolución Democrática,Mayoría Relativa ,Michoacán,2,,,,,,,,Sharon,Rodríguez de la Cruz
F,Yazmín de los Angeles,Copete Zapot,Partido de la Revolución Democrática,Representación proporcional,Veracruz,,3,,,,,,,María Esther,Gutiérrez Olivares
F,Martha Beatriz,Córdova Bernal ,Movimiento Ciudadano,Representación proporcional,Chihuahua,,1,,,,,,,Álvaro,Martínez García
M,Luis Armando,Córdova Díaz,Partido Revolucionario Institucional,Mayoría relativa,Jalisco,16,,,,,,,,Lucía,Reynoso Castellanos
F,Frine Soraya,Córdova Morán,Partido Revolucionario Institucional,Representación proporcional,Puebla,,4,,,,,,,Carlos Bernardo,Guzmán Cervantes
F,María del Rocío,Corona Nakamura,Partido Revolucionario Institucional,Representación proporcional,Jalisco,,1,,,,@RocioCoronaNkm,,,Norma Elizabeth,Chávez Arias
M,Alberto,Coronado Quintanilla,Partido Acción Nacional,Mayoría Relativa,Nuevo León,6,,,,,@Coronadomx,,,Mariana Guadalupe,Flores Álvarez
M,José Francisco,Coronato Rodríguez,Movimiento Ciudadano,Mayoría relativa,Morelos,1,,,,,,,,Jeanette,Velázquez Sedano
F,Francisca Elena,Corrales Corrales,Partido Revolucionario Institucional,Mayoría relativa,Sinaloa,6,,,,,@paquiscorrales,,,Alonso,Barajas Ortíz
M,Gerardo Maximiliano,Cortázar Lara,Partido Acción Nacional,Representación proporcional,Distrito Federal,,4,,,,,,,Luis Armando,Córdova Díaz
M,Isaías,Cortés Berumen,Partido Acción Nacional,Representación proporcional,Jalisco,,1,,,,@Isaias_Cortes,,,Liliana Guadalupe,Morones Vargas
F,Eufrosina ,Cruz Mendoza,Partido Acción Nacional,Representación proporcional,Oaxaca,,3,,,,,,,Rosana Guadalupe,Salcedo Díaz
F,Maricruz,Cruz Morales,Partido Revolucionario Institucional,Representación proporcional,México,,5,,,,,,,Ignacio,Mestas Gallardo
M,Arturo,Cruz Ramírez,Partido de la Revolución Democrática,Mayoría relativa,México,32,,,,,,,,Juan Manuel,Rubio Pérez
M,Fernando ,Cuellar Reyes,Partido de la Revolución Democrática,Mayoría Relativa ,Distrito Federal,3,,,,,,,,Marisol,González Torres
M,Antonio,Cuéllar Steffan,Partido Verde Ecologista de México,Representación proporcional,Aguascalientes,,2,,,,,,,Marisol,Cano López
M,Mario Alejandro,Cuevas Mena,Partido de la Revolución Democrática,Representación proporcional,Yucatán,,3,,,,,,,Ana María,Chimal Velasco
M,Alberto,Curi Naime,Partido Revolucionario Institucional,Mayoría relativa,México,34,,,,,@AlbertoCuri,,,Elizabeth,Flores Vázquez
M,Mario Alberto,Dávila Delgado,Partido Acción Nacional,Mayoría relativa,Coahuila,3,,,,,@mario_dipancoah,,,Marisol,Morales Fernández
M,Carlos,de Jesús Alejandro,Partido de la Revolución Democrática,Mayoría relativa,Guerrero,6,,,,,,,,Humberto,González Gaistardo
F,Rosalba,de la Cruz Requena,Partido Revolucionario Institucional,Mayoría relativa,Tamaulipas,6,,,,,@Rosalbasextodis,,,Gloria María del Carmen,Valencia González
M,Andrés ,de la Rosa Anaya,Partido Acción Nacional,Representación proporcional,Baja California,,1,,,,,,,Ana María,Roth González
M,Arturo ,De La Rosa Escalante,Partido Acción Nacional,Mayoría Relativa,Baja California Sur,2,,,,,@arturodelarosa_ ,,,Leticia,García Mejía
M,Sebastián Alfonso,de la Rosa Pelaéz,Partido de la Revolución Democrática,Mayoría Relativa,Guerrero,8,,,,,,,,Lucía Cristal,Santiago Martínez
M,Jorge Federico,de la Vega Membrillo,Partido de la Revolución Democrática,Mayoría relativa,México,38,,,,,,,,Irere,Sánchez Balderas
M,Fernando Donato,de las Fuentes Hernández,Partido Revolucionario Institucional,Mayoría relativa,Coahuila,4,,,,,,,,María Guadalupe,Ayala Bravo
M,Jorge,del Angel Acosta,Partido Revolucionario Institucional,Representación proporcional,Veracruz,,3,,,,,,,Giuliana Guadalupe,Quiroz Ávila
F,Paulina Alejandra,del Moral Vega,Partido Revolucionario Institucional,Mayoría relativa,México,7,,,,,@AlejandraDMV,,,María del Carmen,Guzmán Urban
F,Claudia,Delgadillo González,Partido Revolucionario Institucional,Mayoría relativa,Jalisco,11,,,,,@ClauDelgadillo1,,,Víctor,Sánchez Guerrero
M,Antonio De Jesús ,Díaz Athié,Partido Revolucionario Institucional,Mayoría relativa,Chiapas,12,,,,,@aDiazAthie ,,,Magdalena,Saavedra Villagrán
M,Víctor Emanuel,Díaz Palacios,Partido Revolucionario Institucional,Mayoría relativa,Puebla,3,,,,,@victordoficial,,,Eufemia,Guzmán García
M,Alberto,Díaz Trujillo,Partido Acción Nacional,Mayoría Relativa,México,15,,,,,@betodiazt ,,,Silvana,Ortíz Ortega
F,Eva,Diego Cruz,Partido Revolución Democrática,Mayoría relativa,Oaxaca,4,,,,,,,,Nadya de Jesús,Cruz Serrano
M,Juan Manuel,Diez Francos,Partido Revolucionario Institucional,Mayoría relativa,Veracruz,15,,,,,@juanmanuel10f,,,Alejandra,Gutu Deskens
M,José Enrique,Doger Guerrero,Partido Revolucionario Institucional,Mayoría relativa,Puebla,6,,,,,@EnriqueDogerPue,,,Maribel,Martínez Altamirano
M,Pedro Ignacio ,Domínguez Zepeda,Partido Revolucionario Institucional,Mayoría relativa,Chihuahua,8,,,,,@Pedro_Dgz,,,Karina,Kelly Sánchez
M,Rodolfo ,Dorador Pérez Gavilán,Partido Acción Nacional,Representación proporcional,Durango,,1,,,,@Dorador1 ,,,María Luilia,Rebollo Cuéllar
M,José Ignacio ,Duarte Murillo,Partido Revolucionario Institucional,Mayoría relativa,Chihuahua,2,,,,,@Nacho_Duarte_,,,Minerva Marisol,Sánchez Hernández
M,Catalino,Duarte Ortuño,Partido de la Revolución Democrática,Mayoría relativa,Guerrero,1,,,,,@catalino_duarte,,,Shantall,Zepeda Escobar
M,Francisco Alfonso,Durazo Montaño ,Movimiento Ciudadano,Representación proporcional,Sonora,,1,,,,,,,Lizeth Marlenne,Sandoval Colindres
F,Irma ,Elizondo Ramírez,Partido Revolucionario Institucional,Mayoría relativa,Coahuila,1,,,,,@PRImeroIRMA,,,María Gabriela,Bardales Hernández
M,José Rubén ,Escajeda Jiménez,Partido Revolucionario Institucional,Mayoría relativa,Durango,3,,,,,@ruben_escajeda,,,Rodrigo,Rosas Esparza
M,Arturo,Escobar y Vega,Partido Verde Ecologista de México,Representación proporcional,Distrito Federal,,4,,,,,,,Elizabeth,Vázquez Hernández
M,Luis Ángel Xariel,Espinosa Cházaro,Partido de la Revolución Democrática,Mayoría Relativa,Distrito Federal,11,,,,,,,,Francisco Antonio Eduardo,Mora Molina
M,José Luis,Esquivel Zalpa,Partido de la Revolución Democrática,Mayoría Relativa,Michoacán,7,,,,,,,,Jorge Luis,Núñez Sabino
M,Faustino Francisco,Félix Chávez,Partido Revolucionario Institucional,Mayoría relativa,Sonora,6,,,,, @FaustinoFelix,,,Maricruz,Reyes Galicia
M,Rubén Benjamín,Félix Hays ,Nueva Alianza,Representación proporcional,Sinaloa,,1,,,,,,,Verónica,González Vera
M,Francisco Javier,Fernández Clamont,Partido Revolucionario Institucional,Mayoría relativa,México,37,,,,,,,,Alicia,Hernández Monroy
M,Julio César,Flemate Ramírez,Partido Revolucionario Institucional,Mayoría Relativa,Zacatecas,2,,,,,@JFlemate,,,María Guadalupe,Jaramillo Villa
M,Uriel,Flores Aguayo,Partido de la Revolución Democrática,Mayoría relativa,Veracruz,10,,,,,,,,Teresita de Jesús,Ramírez Hernández
M,Enrique Alejandro,Flores Flores,Partido Acción Nacional,Representación proporcional,San Luis Potosí,,2,,,,@enriqueflores21,,,Adrián,Hernández Romero
M,José Luis Cruz,Flores Gómez,Partido Revolucionario Institucional,Mayoría relativa,México,10,,,,,@JL_FloresG,,,Lizbeth,González Pérez
M,José Luis,Flores Méndez,Partido Revolucionario Institucional,Mayoría relativa,Coahuila,2,,,,,@FloresMendezJL,,,Leazly Laura,Villar Gómez
F,Guadalupe Socorro,Flores Salazar,Partido de la Revolución Democrática,Mayoría Relativa,Distrito Federal,27,,,,,,,,Lucía,Sandoval Rentería
M,Patricio,Flores Sandoval,Partido Revolucionario Institucional,Representación proporcional,Jalisco,,1,,,,,,,Mario César,Gaona García
M,Juan Manuel,Fócil Pérez,Partido de la Revolución Democrática,Representación proporcional,Tabasco,,3,,,,@jmfocil,,,Jesús Antonio,Mora González
M,Víctor Osvaldo,Fuentes Solís,Partido Acción Nacional,Mayoría Relativa,Nuevo León,4,,,,,@victorfuentesmx ,,,Alejandra,García Gutiérrez
F,Adriana,Fuentes Téllez,Partido Revolucionario Institucional,Mayoría relativa,Chihuahua,1,,,,,,,,Luis,Tapia Hernández
M,René Ricardo,Fujiwara Montelongo ,Nueva Alianza,Representación proporcional,Distrito Federal,,4,,,,@renefuji,,,Doroteo,Macías Contreras
F,Erika Yolanda,Funes Velázquez,Partido Revolucionario Institucional,Representación proporcional,México,,5,,,,,,,Genaro,Hernández Sánchez
M,David Cuauhtémoc,Galindo Delgado,Partido Acción Nacional,Mayoría relativa,Sonora,2,,,,,,,,Miroslava,Meza Virrueta
M,Heriberto Manuel,Galindo Quiñones,Partido Revolucionario Institucional,Representación proporcional,Sinaloa,,1,,,,@HGalindoQ,,,Jonathán,Sanata González
M,Raúl Santos,Galván Villanueva,Partido Revolucionario Institucional,Representación proporcional,Sinaloa,,1,,,,,,,Araceli,Saucedo Reyes
F,Lizbeth Loy,Gamboa Song,Partido Revolucionario Institucional,Representación proporcional,Quintana Roo,,3,,,,@Liz_Gamboa,,,René,Valencia Reyes
F,Marina,Garay Cabada,Partido Revolucionario Institucional,Mayoría Relativa,Veracruz,19,,,,,@MarinaCercaDeTi,,,Eduardo,Morán Izaguirre
M,Antonio,García Conejo,Partido de la Revolución Democrática,Mayoría Relativa,Michoacán,11,,,,,,,,Jorge,Evangelista Acosta
F,María del Carmen,García de la Cadena Romero,Partido Revolucionario Institucional,Mayoría relativa,Puebla,15,,,,,@MariCarmenTehua,,,José Anselmo Vicente ,Muñoz Bisoso
F,Mónica,García de la Fuente,Partido Verde Ecologista de México,Representación proporcional,Aguascalientes,,2,,,,,,,Felipe,Pérez Ramírez
F,María de las Nieves,García Fernández,Partido Revolucionario Institucional,Representación proporcional,Oaxaca,,3,,,,,,,Hipólito,Galarza Urzúa
M,Héctor,García García,Partido Revolucionario Institucional,Mayoría relativa,Nuevo León,11,,,,,@LicHectorGarcia,,,Diego Cristóbal,Calderón Estrada
M,Carlos Alberto,García González,Partido Acción Nacional,Mayoría relativa,Tamaulipas,4,,,,,,,,Ángel Alain,Aldrete Lamas
F,Josefina,García Hernández,Partido Revolucionario Institucional,Mayoría relativa,Puebla,4,,,,,,,,Mónica Selene,Saldaña Tapia
F,Amalia Dolores,García Medina ,Partido de la Revolución Democrática,Representación proporcional,Distrito Federal,,4,,,,,,,Erick Gerardo,Treviño Lozano
F,María del Rocío,García Olmedo,Partido Revolucionario Institucional,Mayoría relativa,Puebla,13,,,,,@rgolmedo,,,Ana Rosa,Hernández Cantú
M,José Guadalupe,García Ramírez,Partido Acción Nacional,Mayoría relativa,Querétaro,4,,,,,,,,María Lilyana,Hernández Martínez
F,Verónica,García Reyes ,Partido de la Revolución Democrática,Representación proporcional,Michoacán,,5,,,,,,,Ricardo,Flores Suárez
F,Mariana Dunyaska ,García Rojas,Partido Acción Nacional,Representación proporcional,Veracruz,,3,,,,,,,Luis Fernando,Domínguez Martín del Campo
F,Lucila,Garfias Gutiérrez,Nueva Alianza,Representación proporcional,México,,5,,,,,,,Jesús María,Sena Buenrostro
F,Ana Lilia,Garza Cadena,Partido Verde Ecologista de México,Representación proporcional,Baja California,,1,,,,,,,Orlando Omar,Pérez Ortega
F,María Esther,Garza Moreno,Partido Revolucionario Institucional,Mayoría Relativa,Guanajuato,4,,,,,,,,Simón,Lomelí Cervantes
M,Marcelo,Garza Ruvalcaba ,Partido de la Revolución Democrática,Representación proporcional,Nuevo León,,2,,,,,,,Humberto,García Sosa
M,Juan Manuel ,Gastélum Buenrostro,Partido Acción Nacional,Mayoría Relativa,Baja California,5,,,,,@JmGastelumB ,,,Alejandro Martín,Palacios Ochoa
M,Gerardo,Gaudiano Rovirosa,Partido de la Revolución Democrática,Mayoría Relativa,Tabasco,4,,,,,@gerardogaudiano,,,Rafael,Reyes Montemayor
F,Celia Isabel,Gauna Ruíz de León,Partido Revolucionario Institucional,Mayoría relativa,Jalisco,12,,,,,@celiagauna,,,Carlos Humberto,González García
F,Blanca Esthela,Gómez Carmona,Partido Revolucionario Institucional,Mayoría relativa,México,23,,,,,@blancaegomez23,,,Adriana,Martínez Soto
M,Luis ,Gómez Gómez,Partido Revolucionario Institucional,Mayoría relativa,Chiapas,5,,,,,,,,Lucio,García Enríquez
M,Pedro ,Gómez Gómez,Partido Revolucionario Institucional,Mayoría relativa,Chiapas,2,,,,,,,,Alma Delia,Gómez Ignacio
M,Gabriel,Gómez Michel,Partido Revolucionario Institucional,Mayoría Relativa,Jalisco,18,,,,,,,,Leticia,González Yescas
M,Roy Argel,Gómez Olguín,Partido Revolucionario Institucional,Mayoría Relativa,Nayarit,2,,,,,,,,Sergio,Villalobos Marcial
F,Merilyn,Gómez Pozos,Movimiento Ciudadano,Representación proporcional,Jalisco,,1,,,,,,,Luz,Gómez Solano
M,Raúl,Gómez Ramírez,Partido Acción Nacional,Mayoría Relativa,Guanajuato,10,,,,,,,,María Luisa,Matus Fuentes
F,Amira Gricelda,Gómez Tueme,Partido Revolucionario Institucional,Representación proporcional,Tamaulipas,,2,,,,,,,Ricardo,Coronado Sangines
F,Lázara Nelly,González Aguilar,Partido Acción Nacional,Representación proporcional,Tamaulipas,,2,,,,,,,Eli Eduardo,Vazquez Ramírez
M,Rodrigo,González Barrios,Partido de la Revolución Democrática,Representación proporcional,Nayarit,,1,,,,,,,Jacinta,Aragón Ramírez
M,Valentín,González Bautista,Partido de la Revolución Democrática,Mayoría relativa,México,29,,,,,,,,Yuridia,Sánchez Soriano
F,Adriana,González Carrillo,Partido Acción Nacional,Representación proporcional,México,,5,,,,@AdriGlezCar,,,Yolanda,Segbe Sanen
F,Cristina,González Cruz,Partido Revolucionario Institucional,Mayoría relativa,México,39,,,,,@cristinaglez39,,,Abraham,Islas Pozos
M,Eligio Cuitláhuac,González Farías,Partido Revolucionario Institucional,Mayoría Relativa,Michoacán,8,,,,,,,,María del Carmen,Saavedra Fernández
F,Cecilia,González Gómez,Partido Revolucionario Institucional,Mayoría Relativa,Jalisco,3,,,,,,,,Lucía,Cruz Arroyo
M,Federico José,González Luna Bueno,Partido Verde Ecologista de México,Representación proporcional,Veracruz,,3,,,,,,,José Juan Trinidad,Morales Morales
F,Alfa Eliana,González Magallanes,Partido de la Revolución Democrática,Representación proporcional,Coahuila,,2,,,,,,,Jorge Alfonso,Ruiz Romero
M,Víctor Rafael ,González Manriquez,Partido Acción Nacional,Representación proporcional,Oaxaca,,3,,,,@VictorGoman,,,Arturo,Norato Jiménez
F,Irazema,González Martínez,Partido Revolucionario Institucional,Mayoría relativa,México,24,,,,,@Irazema_G,,,María Teresa,Ramos Cervantes
M,José,González Morfín,Partido Acción Nacional,Representación proporcional,Michoacán,,5,,,,,,,Genoveva,Huerta Villegas
M,Rafael,González Reséndiz,Partido Revolucionario Institucional,Mayoría Relativa,Jalisco,5,,,,,@rafaelgresendiz,,,Liliana,Castillo Terreros
M,Luis Antonio,González Roldán ,Nueva Alianza,Representación proporcional,México,,5,,,,@LuisRoldan_NA,,,Amparo,Acuña Figueroa
M,José Ángel ,González Serna,Partido Acción Nacional,Mayoría Relativa,Aguascalientes,3,,,,,,,,Irma,Solís Tepepa
M,Marco Antonio,González Valdez,Partido Revolucionario Institucional,Mayoría relativa,Nuevo León,9,,,,,@marcoprinl,,,Cutberto,Cantorán Espinoza
M,Francisco,González Vargas,Partido Revolucionario Institucional,Mayoría relativa,Hidalgo,7,,,,,@Paco_GlezV,,,Esther,Méndez Medel
M,Néstor Octavio,Gordillo Castillo,Partido Acción Nacional,Mayoría relativa,Puebla,12,,,,,@NestorGordillo,,,Irma,Martínez Vargas
M,Francisco,Grajales Palacios,Partido Revolucionario Institucional,Mayoría Relativa,Chiapas,7,,,,,@pacograjales,,,Ana María,Vega Fernández
F,Rosalba,Gualito Castañeda,Partido Revolucionario Institucional,Mayoría relativa,México,22,,,,,@RosalbaGualito,,,María Leticia,Bernal Rosales
M,Abel,Guerra Garza,Partido Revolucionario Institucional,Mayoría relativa,Nuevo León,3,,,,,@AbelGuerraG,,,Elda Yolanda,Hernández Salcido
F,Judith Magdalena,Guerrero López,Partido Verde Ecologista de México,Mayoría Relativa ,Zacatecas,3,,,,,,,,Claudia,Melgoza Juárez
M,Javier Filiberto,Guevara González,Partido Revolucionario Institucional,Mayoría relativa,Puebla,14,,,,,,,,Martín,de la Cruz Gómez
M,Samuel,Gurrión Matías,Partido Revolucionario Institucional,Mayoría relativa,Oaxaca,7,,,,,,,,Medina Díaz,Maritzza Aracely
M,Harvey ,Gutiérrez Álvarez,Partido Revolucionario Institucional,Mayoría Relativa,Chiapas,4,,,,,@HarveyGutierrez,,,Mildrett Karina,Verde Avendaño
M,Héctor Humberto,Gutiérrez de la Garza,Partido Revolucionario Institucional,Mayoría relativa,Nuevo León,5,,,,,@HectorHGutierre,,,Hermelinda,Martínez Martínez
F,Delfina Elizabeth,Guzmán Díaz,Partido de la Revolución Democrática,Mayoría relativa,Oaxaca,11,,,,,,,,María Estela,Moreno Alvarado
M,Martín Alonso,Heredia Lizárraga,Partido Acción Nacional,Mayoría relativa,Sinaloa,8,,,,,,,,José Luis,Martínez Meléndez
M,Gaudencio,Hernández Burgos,Partido Revolucionario Institucional,Mayoría relativa,Veracruz,5,,,,,@GauHernandez,,,Antolinne,Etieene Rivera
M,Noé,Hernández González,Partido Revolucionario Institucional,Mayoría relativa,Veracruz,14,,,,,@NoeHdez_2012,,,Jorge,Pérez Covarrubias
F,Adriana,Hernández Íñiguez,Partido Revolucionario Institucional,Mayoría Relativa,Michoacán,5,,,,,@Adriana_hi,,,José Luis,Contreras Rojo
F,Myrna Esmeralda,Hernández Morales,Partido Revolucionario Institucional,Mayoría relativa,Hidalgo,6,,,,,@mirnahermo,,,María Merced,León Andablo
M,Gerardo Xavier,Hernández Tapia,Partido Revolucionario Institucional,Mayoría relativa,México,40,,,,,@Gerardo_Hdez_T,,,Flor Esther,Gastélum Vértiz
M,Jorge,Herrera Delgado,Partido Revolucionario Institucional,Mayoría relativa,Durango,4,,,,,@jherreradelgado,,,Samira Guadalupe,Yamuni Robles
M,Gilberto Antonio ,Hirata Chico,Partido Revolucionario Institucional,Mayoría Relativa,Baja California,3,,,,,@gilbertohiratac,,,Fernando,Camacho Ochoa
M,Manuel Rafael ,Huerta Ladrón de Guevara,Partido del Trabajo,Mayoría Relativa,Distrito Federal,2,,,,,,,,José Elías,Muñoz Vega
F,María de Jesús,Huerta Rea,Partido Revolucionario Institucional,Representación proporcional,Nuevo León,,2,,,,@maryhuertarea,,,Norma Lucía,Ley Zevada
F,Zuleyma,Huidobro González ,Movimiento Ciudadano,Representación proporcional,Puebla,,4,,,,@ZuleymaHuidobro,,,Ana Alicia,Tiznado Lizárraga
M,José Antonio,Hurtado Gallegos,Movimiento Ciudadano,Mayoría Relativa,Distrito Federal,5,,,,,,,,Mirna,Velázquez López
M,Alfonso,Inzunza Montoya,Partido Revolucionario Institucional,Mayoría relativa,Sinaloa,3,,,,,@Ponchin_Inzunza,,,Refugio,Gastélum Rojo
M,Juan Marcos,Issa Salomón,Partido Revolucionario Institucional,Mayoría relativa,Coahuila,5,,,,,@salomonjm,,,Ana María,Gutiérrez Coronado
M,Jhonatan,Jardines Fraire,Partido de la Revolución Democrática,Mayoría relativa,Distrito Federal,6,,,,,,,,Maribel,Enríquez Ramírez
M,Hugo,Jarquín,Partido de la Revolución Democrática,Mayoría relativa,Oaxaca,8,,,,,@hugo_jarquin,,,Sandra Luz,Fimbres Escalantes
F,Blanca,Jiménez Castillo,Partido Acción Nacional,Mayoría relativa,Puebla,9,,,,,@BlancaJC,,,Blanca Aurora,Camacho Sosa
F,Raquel,Jiménez Cerillo,Partido Acción Nacional,Representación proporcional,Querétaro,,2,,,,,,,Lorena,Gutiérrez Landavazo
F,María Teresa,Jiménez Esquivel,Partido Acción Nacional,Mayoría relativa,Aguascalientes,2,,,,,@TereJimenezE ,,Politóloga y doctorante en Derecho.,Micaela,Rodríguez Zamora
M,Víctor Manuel,Jorrin Lozano,Movimiento Ciudadano,Mayoría Relativa ,Guerrero,4,,,,,@Vjorrin,,,Francisca Rosario,Arana Lugo
F,Verónica Beatriz,Juárez Piña,Partido de la Revolución Democrática,Representación proporcional,Jalisco,,1,,,,,,,Estela,Núñez Álvarez
M,Raymundo,King de la Rosa,Partido Revolucionario Institucional,Mayoría relativa,Quintana Roo,2,,,,,,,,Querubín,Sandoval Fernández
F,Karina,Labastida Sotelo,Partido Acción Nacional,Representación proporcional,México,,5,,,,,,,María Bárbara,López Castañeda
M,Fernando,Larrazábal Bretón,Partido Acción Nacional,Mayoría Relativa,Nuevo León,10,,,,,@FerLarrazabal,,,Christian Manuel,Narváez Romero
M,José Antonio,León Mendívil,Partido de la Revolución Democrática,Representación proporcional,Veracruz,,3,,,,,,,Edi,Olive López
F,Margarita,Licea González,Partido Acción Nacional,Representación proporcional,Jalisco,,1,,,,@MargaritaLicea,,Licenciatura y maestría en derecho. Fue abogada para varias empresas. ,Sebastián,Deya Becerril
M,Gerardo,Liceaga Arteaga,Partido Revolucionario Institucional,Mayoría relativa,México,2,,,,,@GerardoLiceaga,,,Verónica,Morales Huerta
M,José Alejandro,Llanas Alba,Partido Acción Nacional,Mayoría relativa,Tamaulipas,3,,,,,,,,Marisol,Santes Ramos
M,Jaime Chris,López Alvarado,Partido Revolucionario Institucional,Mayoría Relativa,Baja California,6,,,,,@ChrisLopezBC,,,Elida,Segura Sifuentes
M,José Arturo,López Cándido,Partido del Trabajo,Mayoría relativa,Distrito Federal,26,,,,,,,,Belén,Rosales Puente
M,José Martín,López Cisneros,Partido Acción Nacional,Mayoría relativa,Nuevo León,7,,,,,,,,Blanca Aurelia,Anzaldua Nájera
M,Roberto,López González,Partido de la Revolución Democrática,Representación proporcional,Jalisco,,1,,,,,,,Juana María,Sánchez Astello
F,Leticia,López Landero,Partido Acción Nacional,Mayoría relativa,Veracruz,16,,,,,@LetyLopez_2012,,,Lamberto,González de la Maza
M,Tomás,López Landero,Partido Revolucionario Institucional,Mayoría relativa,Veracruz,18,,,,,,,,Angélica,Morales Salazar
M,Raudel,López López,Partido Acción Nacional,Representación proporcional,Aguascalientes,,2,,,,,,,Maximino,Tapia Flores
F,Lourdes Adriana ,López Moreno,Partido Verde Ecologista de México,Mayoría Relativa,Chiapas,1,,,,,,,Abogada,Samuel Filiberto,Cortés Pérez
F,Alejandra,López Noriega,Partido Acción Nacional,Mayoría relativa,Sonora,3,,,,,@alejandralopesn,,,María del Carmen,Antonio Nicanor
M,Roberto,López Rosado ,Partido de la Revolución Democrática,Representación proporcional,Oaxaca,,3,,,,,,,,
M,Raciel,López Salazar,Partido Verde Ecologista de México,Representación proporcional,Chiapas,,3,,,,,,,José Roberto,Arenas Martínez
M,Roberto,López Suárez,Partido de la Revolución Democrática,Representación proporcional,Zacatecas,,2,,,,,,,Luis Hernán,Pasos Paredes
M,Javier,López Zavala,Partido Revolucionario Institucional,Representación proporcional,Puebla,,4,,,,@JavierLZavala,,,Michelle,Gustin Cárdenas
M,Julio César,Lorenzini Rangel,Partido Acción Nacional,Mayoría relativa,Puebla,10,,,,,,,,Mariela,Tovar Lorenzo
F,Patricia ,Lugo Barriga,Partido Acción Nacional,Representación proporcional,Colima,,5,,,,@Patricia_LugoB,,,Adelaida,Ramagnoli Cagnant
F,Roxana,Luna Porquillo ,Partido de la Revolución Democrática,Representación proporcional,Puebla,,4,,,,@RoxanaLunaP,,,Zazil,Reyes Contreras
M,Raúl,Macías Sandoval,Partido Revolucionario Institucional,Representación proporcional,México,,5,,,,,,,Ángel Abel,Mavil Soto
F,Arely,Madrid Tovilla,Partido Revolucionario Institucional,Representación proporcional,Chiapas,,3,,,,@Arely_Madrid,,,Francisco,Ceballos Capistrán
F,María Angélica,Magaña Zepeda,Partido Revolucionario Institucional,Mayoría Relativa,Jalisco,17,,,,,,,,Patricia Guadalupe,Peña Recio
M,Fernando Alfredo,Maldonado Hernández,Partido Revolucionario Institucional,Mayoría relativa,México,18,,,,,@FerMaldonadoDip,,,Damaris,Osorno Malpica
M,José Valentín,Maldonado Salgado,Partido de la Revolución Democrática,Mayoría Relativa,Distrito Federal,23,,,,,,,,Ramiro,Hernández Lozano
M,Víctor Manuel,Manríquez González ,Partido de la Revolución Democrática,Representación proporcional,Michoacán,,5,,,,,,,Gloria,Ochoa Rueda
M,José Sergio,Manzur Quiroga,Partido Revolucionario Institucional,Mayoría relativa,México,9,,,,,@Manzur_Jose,,,Juan Isidro,del Bosque Márquez
M,José Luis,Márquez Martínez,Partido Revolucionario Institucional,Mayoría relativa,Puebla,2,,,,,@ppmarquez12,,,María Cristina,Meneses García
F,Silvia,Márquez Velasco,Partido Revolucionario Institucional,Mayoría relativa,México,14,,,,,@SilviaMarquezVe,,,José Manuel,Díaz Rodríguez
F,Laura Ximena,Martel Cantú,Partido Verde Ecologista de México,Representación proporcional,Distrito Federal,,4,,,,,,,Adanery,Medina Guerrero
F,Esther Angélica,Martínez Cárdenas,Partido Revolucionario Institucional,Mayoría Relativa,San Luis Potosí,2,,,,,@EstherAngelicaM,,,María Teresa de Jesús,Moreno Gómez
M,Juan Luis,Martínez Martínez,Movimiento Ciudadano,Mayoría relativa,Oaxaca,2,,,,,,,,Blanca,López Domínguez
M,Andrés Eloy,Martínez Rojas,Partido de la Revolución Democrática,Mayoría relativa,Morelos,4,,,,,@eloycam2012,,,Isela,González Domínguez
F,María del Carmen,Martínez Santillán,Partido del Trabajo,Representación proporcional,Michoacán,,5,,,,,,,Mario Alberto,González González
F,Nuvia Magdalena,Mayorga Delgado,Partido Revolucionario Institucional,Representación proporcional,Hidalgo,,5,,,,@Nuvia_Mayorga,,,Lucia Guadalupe,Canto Lara
M,Marcos Rosendo,Medina Filigrana,Partido de la Revolución Democrática,Mayoría relativa,Tabasco,5,,,,,@Marcos_Rosendo,,,Carlos Manuel,Carrillo Paredes
F,Gabriela,Medrano Galindo,Partido Verde Ecologista de México,Representación proporcional,Quintana Roo,,3,,,,,,,Imelda Noemy,Pacheco González
M,Ricardo Sóstenes,Mejía Berdeja,Movimiento Ciudadano,Representación proporcional,Guerrero,,4,,,,@Ricardomeb,,,Alberto Leónides,Escamilla Cerón
F,Julisa,Mejía Guardado ,Partido de la Revolución Democrática,Representación proporcional,México,,5,,,,,,,Erica del Carmen,Velázquez Vacio
F,Angélica Rocío,Melchor Vásquez ,Partido de la Revolución Democrática,Representación proporcional,Oaxaca,,3,,,,,,,Pablo Manuel Alejandro,Torres Corpus
F,Lorena,Méndez Denis,Partido de la Revolución Democrática,Mayoría Relativa,Tabasco,3,,,,,@loremendezd ,,,Ana Marianela,Hernández Peña
M,Mario Rafael,Méndez Martínez,Partido de la Revolución Democrática,Mayoría relativa,Oaxaca,9,,,,,@MarioRafaelprd,,,Edna Olivia,Castañeda Guerra
F,María Leticia,Mendoza Curiel,Partido Revolucionario Institucional,Mayoría relativa,Jalisco,9,,,,,@siconlety,,,,
M,Jorge,Mendoza Garza,Partido Revolucionario Institucional,Representación proporcional,Nuevo León,,2,,,,,,,Norma Esther,Almeida García
F,Sonia Catalina,Mercado Gallegos,Partido Revolucionario Institucional,Mayoría relativa,Durango,1,,,,,@katy_mercado,,,,
F,María del Rosario,Merlín García,Partido de la Revolución Democrática,Mayoría relativa,Guerrero,9,,,,,@RosarioMerlin,,,,
M,Rafael Alejandro,Micalco Méndez,Partido Acción Nacional,Representación proporcional,Puebla,,4,,,,@rafamicalco,,,,
F,Martha Lucía ,Mícher Camarena,Partido de la Revolución Democrática,Mayoría Relativa,Distrito Federal,14,,,,,,,,,
F,Emilse,Miranda Munive,Partido Revolucionario Institucional,Mayoría relativa,Hidalgo,4,,,,,@EmilseMiranda1,,,,
M,Marino,Miranda Salgado,Partido de la Revolución Democrática,Mayoría relativa,Guerrero,2,,,,,@MarinoMiranda,,,,
F,María Guadalupe,Moctezuma Oviedo ,Partido de la Revolución Democrática,Representación proporcional,Veracruz,,3,,,,,,,,
F,Teresa de Jesús,Mojica Morga,Partido de la Revolución Democrática,Representación proporcional,Guerrero,,4,,,,,,,,
F,María Guadalupe ,Mondragón González,Partido Acción Nacional,Representación proporcional,México,,5,,,,@Lupita_Mondrag,,,Claudia Rocío,Villa Oñate
M,Ricardo,Monreal Ávila ,Movimiento Ciudadano,Representación proporcional,Distrito Federal,,4,,,,@RicardoMonrealA,,,,
M,Ramón,Montalvo Hernández ,Partido de la Revolución Democrática,Representación proporcional,México,,5,,,,,,,,
M,José Alejandro,Montano Guzmán,Partido Revolucionario Institucional,Mayoría relativa,Veracruz,8,,,,,@lejandromontano,,,,
M,Abraham,Montes Alvarado,Partido Revolucionario Institucional,Mayoría relativa,Chihuahua,5,,,,,@AbrahamMontesD5,,,,
M,Jesús,Morales Flores,Partido Revolucionario Institucional,Mayoría relativa,Puebla,7,,,,,,,,Elsa,Rodríguez García
M,Carlos Augusto,Morales López,Partido de la Revolución Democrática,Mayoría Relativa,Distrito Federal,4,,,,,@carlosaugusto24,,,Bernardeth,Ruiz Romero
M,Trinidad Secundino,Morales Vargas,Partido de la Revolución Democrática,Representación proporcional,Distrito Federal,,4,,,,@TrinidadMorale2,,,,
M,José Isidro,Moreno Árcega,Partido Revolucionario Institucional,Mayoría relativa,México,13,,,,,@ConIsidroMoreno,,,,
M,Rafael Alejandro,Moreno Cárdenas,Partido Revolucionario Institucional,Representación proporcional,Campeche,,3,,,,@alitomorenoc,,,María de los Ángeles,Ibarra Celaya
F,Pilar,Moreno Montoya,Partido Revolucionario Institucional,Mayoría Relativa,Aguascalientes,1,,,,,@Jpilarmoreno,,,,
M,Israel,Moreno Rivera,Partido de la Revolución Democrática,Mayoría Relativa,Distrito Federal,9,,,,,,,,,
M,Julio César,Moreno Rivera,Partido de la Revolución Democrática,Representación proporcional,Distrito Federal,,4,,,,,,,,
F,Tania Margarita ,Morgan Navarrete,Partido Acción Nacional,Representación proporcional,Sinaloa,,1,,,,@taniammorgan,,,,
F,Gisela Raquel,Mota Ocampo,Partido de la Revolución Democrática,Representación proporcional,Morelos,,4,,,,,,,,
F,Dulce María,Muñiz Martínez,Partido Revolucionario Institucional,Mayoría relativa,Hidalgo,2,,,,,@Dulce_Muniz,,,,
M,Felipe de Jesús,Muñoz Kapamas,Partido Revolucionario Institucional,Representación proporcional,Distrito Federal,,4,,,,,,,,
M,Juan Carlos ,Muñoz Márquez,Partido Acción Nacional,Representación proporcional,Guanajuato,,2,,,,@jcmunozmarquez,,,María Guadalupe,Orozco Rivera
M,José Luis,Muñoz Soria,Partido de la Revolución Democrática,Mayoría Relativa,Distrito Federal,12,,,,,,,,,
M,Luis Alfredo ,Murguía Lardizabal,Partido Revolucionario Institucional,Mayoría relativa,Chihuahua,4,,,,,@Luis_Murguia04,,,,
M,Jesús ,Murillo Karam,Partido Revolucionario Institucional,Representación proporcional,Hidalgo,,5,,,,,,,,
M,Víctor Reymundo,Nájera Medina,Partido de la Revolución Democrática,Mayoría relativa,Morelos,5,,,,,,,,,
M,Héctor ,Narcia Álvarez,Partido Verde Ecologista de México,Mayoría Relativa,Chiapas,10,,,,,@NarciaHector ,,,,
M,José Everardo,Nava Gómez,Partido Revolucionario Institucional,Mayoría Relativa,San Luis Potosí,1,,,,,,,,,
F,Joaquina,Navarrete Contreras,Partido de la Revolución Democrática,Mayoría relativa,México,20,,,,,@JoaquinaNC,,,,
F,Ma. Concepción,Navarrete Vital,Partido Revolucionario Institucional,Mayoría Relativa,Guanajuato,11,,,,,,,,Carlos Humberto,Castaños Valenzuela
M,César Reynaldo,Navarro de Alba,Partido Revolucionario Institucional,Mayoría relativa,México,12,,,,,@reynaldoixt12,,,,
M,Heberto ,Neblina Vega,Partido Acción Nacional,Representación proporcional,Sonora,,1,,,,,,,Vianey,Melendrez López
M,Ossiel Omar,Niáves López,Partido Revolucionario Institucional,Mayoría Relativa,Jalisco,15,,,,,,,,Raquel,Mota Rodríguez
M,Homero Ricardo,Niño de Rivera Vela,Partido Acción Nacional,Mayoría Relativa,Nuevo León,1,,,,,@HomeroNR,,,,
F,Yesenia,Nolasco Ramírez ,Partido de la Revolución Democrática,Representación proporcional,Distrito Federal,,4,,,,,,,,
M,Ernesto,Núñez Aguilar,Partido Verde Ecologista de México,Mayoría Relativa,Michoacán,10,,,,,,,,,
F,Magdalena del Socorro,Núñez Monreal ,Partido del Trabajo,Representación proporcional,Zacatecas,,2,,,,,,,Gisela Edith,Marín Delgado
F,Gloria Elizabeth,Núñez Sánchez,Partido Revolucionario Institucional,Mayoría Relativa,Nayarit,3,,,,,,,,,
M,Williams Oswaldo,Ochoa Gallegos,Partido Revolucionario Institucional,Mayoría Relativa,Chiapas,6,,,,,@WillyOchoaG,,,,
M,Arnoldo,Ochoa González,Partido Revolucionario Institucional,Representación proporcional,Colima,,5,,,,@ArnoldoOchoa_,,,,
M,Nabor,Ochoa López,Partido Verde Ecologista de México,Representación proporcional,Colima,,5,,,,,,,,
M,José Luis,Oliveros Usabiaga,Partido Acción Nacional,Mayoría Relativa,Guanajuato,14,,,,,@chelisoliveros,,,,
F,Cristina,Olvera Barrios ,Nueva Alianza,Representación proporcional,Distrito Federal,,4,,,,,,,,
M,Luis,Olvera Correa,Partido Revolucionario Institucional,Mayoría Relativa ,Michoacán,6,,,,,,,,María Lucrecia,Arzola Godínez
F,María del Carmen,Ordaz Martínez,Partido Revolucionario Institucional,Mayoría relativa,Yucatán,2,,,,,,,,,
M,Javier,Orihuela García,Partido Revolución Democrática,Mayoría relativa,Morelos,2,,,,,,,,Ana Sofía,Méndez Noriega
M,Adolfo,Orive Bellinger ,Partido del Trabajo,Representación proporcional,Distrito Federal,,4,,,,@Adolfo_OriveB,,,Abraham,Correa Acevedo
M,Javier,Orozco Gómez,Partido Verde Ecologista de México,Representación proporcional,México,,5,,,,,,,,
M,Marcelino,Orta Coronado,Partido Acción Nacional,Mayoría relativa,Tamaulipas,7,,,,,,,,,
F,Guadalupe Socorro,Ortega Pacheco,Partido Revolucionario Institucional,Representación proporcional,Yucatán,,3,,,,,,,Claudia Janneth,Gámez Gutiérrez
F,Loretta,Ortiz Ahlf,Partido del Trabajo,Representación proporcional,Distrito Federal,,4,,,,,,,,
M,Salvador,Ortíz García,Partido Revolucionario Institucional,Mayoría Relativa ,Michoacán,12,,,,,,,,,
F,María Isabel,Ortiz Mantilla,Partido Acción Nacional,Mayoría Relativa,Puebla,11,,,,,@marisa_o_m,,,Israel,Soto Peña
M,Máximo,Othón Zayas,Partido Acción Nacional,Mayoría relativa,Sonora,7,,,,,@MaximoOthon,,,,
M,J. Jesús ,Oviedo Herrera,Partido Acción Nacional,Mayoría Relativa,Guanajuato,13,,,,,@JesusOviedoH,,,,
M,Germán,Pacheco Díaz,Partido Acción Nacional,Mayoría relativa,Tamaulipas,8,,,,,,,,,
M,Ricardo Fidel,Pacheco Rodríguez,Partido Revolucionario Institucional,Representación proporcional,Durango,,1,,,,,,,Cindy Abril,Arvizu Hernández
M,Román Alfredo,Padilla Fierro,Partido Revolucionario Institucional,Mayoría relativa,Sinaloa,1,,,,,,,,,
M,Cesáreo,Padilla Navarro,Partido Revolucionario Institucional,Mayoría Relativa,Jalisco,1,,,,,,,,María Antonia,García Sanjines
F,Carla Alicia,Padilla Ramos,Partido Verde Ecologista de México,Representación proporcional,México,,5,,,,,,,,
F,Leslie,Pantoja Hernández,Partido Acción Nacional,Representación proporcional,Sonora,,1,,,,@lesliepantoja,,,,
F,María Del Rosario De Fátima ,Pariente Gavito,Partido Verde Ecologista de México,Mayoría Relativa,Chiapas,9,,,,,@RosarioPariente,,,,
M,Raúl,Paz Alonso,Partido Acción Nacional,Mayoría relativa,Yucatán,4,,,,,@RaulPaz_IV,,,Martha Miriam,Rodríguez Tiscareño
F,Zita Beatriz,Pazzi Maza,Partido Revolucionario Institucional,Mayoría relativa,Veracruz,1,,,,,@ZitaPazzi ,,,,
F,Flor de María ,Pedraza Aguilera,Partido Acción Nacional,Representación proporcional,Distrito Federal,,4,,,,@FlorPedraza,,,,
M,Francisco,Pelayo Covarrubias,Partido Acción Nacional,Mayoría Relativa,Baja California Sur,1,,,,,,,,Mayra,Moreno Benítez
M,Gerardo,Peña Avilés,Partido Acción Nacional,Mayoría relativa,Sinaloa,2,,,,,@GerardoElArquiP,,,,
M,Hugo Mauricio ,Pérez Anzueto,Partido Revolucionario Institucional,Mayoría Relativa,Chiapas,11,,,,,@AnzuetoDiputado ,,,Diana de Carmen,Vera Ávila
F,Carmen Lucia,Pérez Camarena,Partido Acción Nacional,Representación proporcional,Jalisco,,1,,,,@Lucyperez2012,,,,
M,José Noel,Pérez de Alba,Partido Revolucionario Institucional,Mayoría relativa,Jalisco,2,,,,,,,,,
F,Elvia María,Pérez Escalante,Partido Revolucionario Institucional,Representación proporcional,Campeche,,3,,,,,,,Ana Paola,López Birlain
F,Rosa Elba,Pérez Hernández,Partido Verde Ecologista de México,Mayoría Relativa,Guanajuato,6,,,,,,,,Rocío,Baca Bonifaz
M,David ,Pérez Tejada Padilla,Partido Verde Ecologista de México,Mayoría Relativa,Baja California,7,,,,,,,,,
F,Norma,Ponce Orozco,Partido Revolucionario Institucional,Mayoría relativa,México,16,,,,,@NormaPonceO,,,,
M,Pedro,Porras Pérez ,Partido de la Revolución Democrática,Representación proporcional,México,,5,,,,,,,Genaro,Rodríguez Teniente
M,Vicario,Portillo Martínez,Partido de la Revolución Democrática,Mayoría relativa,Guerrero,5,,,,,,,,Ofelia,Zumaya Ahumada
M,Domitilo,Posadas Hernández ,Partido de la Revolución Democrática,Representación proporcional,México,,5,,,,@domposadas,,,,
M,Humberto Armando,Prieto Herrera,Partido Acción Nacional,Mayoría relativa,Tamaulipas,2,,,,,@Betoprietoh,,,,
M,Eduardo Román,Quian Alcocer,Partido Revolucionario Institucional,Mayoría relativa,Quintana Roo,1,,,,,,,,,
F,Socorro de la Luz,Quintana León,Partido Revolucionario Institucional,Mayoría Relativa,Michoacán,9,,,,,,,,,
F,Esther ,Quintana Salinas,Partido Acción Nacional,Mayoría relativa,Coahuila,7,,,,,@estherquintanas ,,,,
F,Lourdes Eulalia,Quiñones Canales,Partido Revolucionario Institucional,Representación proporcional,Durango,,1,,,,@lourdesquinones,,,,
F,Karen,Quiroga Anguiano,Partido de la Revolución Democrática,Mayoría Relativa,Distrito Federal,18,,,,,,,,,
M,Oscar Eduardo ,Ramírez Aguilar,Partido Verde Ecologista de México,Mayoría relativa,Chiapas,8,,,,,,,,Ofelia,Limón Robles
F,María Concepción,Ramírez Diez Gutiérrez,Partido Acción Nacional,Representación proporcional,San Luis Potosí,,2,,,,@conchitadiez,,,Aydmé Adriana,Ortiz Rodríguez
M,Luis Miguel,Ramírez Romero,Partido Acción Nacional,Representación proporcional,Morelos,,4,,,,,,,Susana,Muñoz García
M,José,Rangel Espinosa,Partido Revolucionario Institucional,Mayoría relativa,México,3,,,,,,,,Yadira Asucena,Salas Aguilar
M,Alejandro ,Rangel Segovia,Partido Revolucionario Institucional,Mayoría Relativa,Guanajuato,9,,,,,@conalexrangel,,,,
M,José Enrique,Reina Lizárraga,Partido Acción Nacional,Mayoría Relativa,Sonora,1,,,,,@EnriqueRL,,,,
F,Tania,Rellstab Carreto,Partido Revolucionario Institucional,Mayoría relativa,México,35,,,,,,,,Elsa Yolanda,Borrego Cedillo
F,Patricia Elena,Retamoza Vega,Partido Revolucionario Institucional,Representación proporcional,Jalisco,,1,,,,@pattyretamoza,,,Fernando,Galván Martínez
F,Carla Guadalupe,Reyes Montiel,Partido de la Revolución Democrática,Representación proporcional,México,,5,,,,,,,,
M,Roberto Carlos,Reyez Gámiz,Partido de la Revolución Democrática,Mayoría Relativa,Distrito Federal,13,,,,,,,,José Dolores,González Ortiz
F,Rocío Esmeralda,Reza Gallegos,Partido Acción Nacional,Representación proporcional,Chihuahua,,1,,,,@Rocio_Reza,,,,Martha Gómez del Campo Braham
F,Alicia Concepción,Ricalde Magaña,Partido Acción Nacional,Representación proporcional,Quintana Roo,,3,,,,@AliciaRicaldeOf,,,Rosalinda,Camacho Esquivel
F,Sonia,Rincón Chanona ,Nueva Alianza,Representación proporcional,Chiapas,,3,,,,,,,,
M,Alfredo,Rivadeneyra Hernández,Partido Acción Nacional,Representación proporcional,México,,5,,,,@arivadeneyrah,,,,
M,Erick Marte,Rivera Villanueva,Partido Acción Nacional,Representación proporcional,Hidalgo,,5,,,,,,,,
M,Ernesto Alfonso,Robledo Leal,Partido Acción Nacional,Mayoría relativa,Nuevo León,8,,,,,@Alfonso_Robledo,,,,
M,Héctor Hugo,Roblero Gordillo ,Partido del Trabajo,Representación proporcional,Chiapas,,3,,,,,,,,
F,Mayra Karina ,Robles Aguirre,Partido Revolucionario Institucional,Mayoría Relativa,Baja California,8,,,,,,,,,
M,Juan Manuel,Rocha Piedad,Partido Revolucionario Institucional,Mayoría relativa,Nayarit,1,,,,,,,,,
M,Fernando ,Rodríguez Doval,Partido Acción Nacional,Representación proporcional,Distrito Federal,,4,,,,@ferdoval,,,,
M,Francisco Tomás,Rodríguez Montero,Partido de la Revolución Democrática,Mayoría relativa,Morelos,3,,,,,,,,,
M,Diego Sinhué,Rodríguez Vallejo,Partido Acción Nacional,Mayoría Relativa,Guanajuato,5,,,,,@diegosinhue,,,,
M,José Antonio,Rojo García de Alba,Partido Revolucionario Institucional,Mayoría relativa,Hidalgo,5,,,,,@Joseantoniorojo,,,,
M,Jesús Tolentino,Román Bojórquez,Partido Revolucionario Institucional,Mayoría relativa,México,25,,,,,,,,,
F,Rosa Elia,Romero Guzmán,Partido del Trabajo,Mayoría relativa,Oaxaca,6,,,,,,,,,
F,María Fernanda,Romero Lozano ,Partido de la Revolución Democrática,Representación proporcional,Tabasco,,3,,,,,,,,
F,Leonor,Romero Sevilla,Partido Acción Nacional,Representación proporcional,Tlaxcala,,4,,,,@LeonorAzul,,,,
M,Salvador,Romero Valencia,Partido Revolucionario Institucional,Mayoría relativa,Michoacán,4,,,,,,,,,
F,Bárbara Gabriela,Romo Fonseca,Partido Verde Ecologista de México,Mayoría Relativa,Zacatecas,4,,,,,@barbararomo,,,,
F,Lizbeth Eugenia,Rosas Montero,Partido de la Revolución Democrática,Mayoría Relativa,Distrito Federal,1,,,,,,,,,
M,Jorge,Rosiñol Abreu,Partido Acción Nacional,Representación proporcional,Campeche,,3,,,,,,,,
M,Blas Ramón,Rubio Lara,Partido Revolucionario Institucional,Mayoría relativa,Sinaloa,4,,,,,,,,,
M,Genaro,Ruiz Arriaga,Partido Revolucionario Institucional,Mayoría relativa,Veracruz,3,,,,,@GenaroRuizA,,,,
M,Roberto,Ruiz Moronatti,Partido Revolucionario Institucional,Mayoría relativa,México,6,,,,,,,,,
F,Cristina,Ruiz Sandoval,Partido Revolucionario Institucional,Mayoría relativa,México,21,,,,,@CristinaRuiz_S,,,,
F,Verónica,Sada Pérez,Partido Acción Nacional,Representación proporcional,Nuevo León,,2,,,,,,,,
M,Mauricio,Sahui Rivero,Partido Revolucionario Institucional,Mayoría relativa,Yucatán,3,,,,,,,,,
F,Jessica,Salazar Trejo,Partido de la Revolución Democrática,Mayoría relativa,México,17,,,,,@jessica91398273,,,,
F,Graciela,Saldaña Fraire,Partido de la Revolución Democrática,Mayoría relativa,Quintana Roo,3,,,,,@GracielaSaldana ,,,,
F,Margarita,Saldaña Hernández,Partido Acción Nacional,Representación proporcional,Distrito Federal,,4,,,,@MargaretSaldana,,,,
M,Fernando,Salgado Delgado,Partido Revolucionario Institucional,Representación proporcional,México,,5,,,,@CentroInforCTM,,,,
M,Jorge,Salgado Parra,Partido de la Revolución Democrática,Mayoría relativa,Guerrero,7,,,,,@jorgesalgado10,,,,
M,Abel Octavio,Salgado Peña,Partido Revolucionario Institucional,Mayoría relativa,Jalisco,6,,,,,@SalgadoAbel,,,,
M,José Arturo,Salinas Garza,Partido Acción Nacional,Representación proporcional,Nuevo León,,2,,,,@jarturosalinas,,,,
M,Glafiro,Salinas Mendiola,Partido Acción Nacional,Mayoría relativa,Tamaulipas,1,,,,,,,,,
M,Javier,Salinas Narváez ,Partido de la Revolución Democrática,Representación proporcional,México,,5,,,,,,,,
F,Josefina,Salinas Pérez ,Partido de la Revolución Democrática,Representación proporcional,México,,5,,,,,,,,
M,José Miguel,Sámano Peralta,Partido Verde Ecologista de México,Mayoría relativa,México,1,,,,,,,,,
M,Ramón Antonio,Sampayo Ortiz,Partido Acción Nacional,Representación proporcional,Tamaulipas,,2,,,,,,,,
M,Juan Ignacio,Samperio Montaño,Movimiento Ciudadano,Representación proporcional,México,,5,,,,,,,,
M,Alejandro,Sánchez Camacho,Partido de la Revolución Democrática,Mayoría Relativa,Distrito Federal,21,,,,,,,,,
M,Leopoldo,Sánchez Cruz,Partido Revolucionario Institucional,Mayoría relativa,Veracruz,2,,,,,,,,,
M,Carlos,Sánchez Romero,Partido Revolucionario Institucional,Mayoría relativa,Puebla,5,,,,,,,,,
M,Mario,Sánchez Ruiz,Partido Acción Nacional,Representación proporcional,Sonora,,1,,,,@mariosanchez_m,,,,
F,María Guadalupe,Sánchez Santiago,Partido Revolucionario Institucional,Mayoría Relativa,Tlaxcala,1,,,,,,,,,
M,Guillermo,Sánchez Torres ,Partido de la Revolución Democrática,Representación proporcional,Distrito Federal,,4,,,,,,,,
M,Antonio,Sansores Sastre,Partido de la Revolución Democrática,Mayoría relativa,Tabasco,6,,,,,@AntonioSansores,,,,
F,María Fernanda ,Schroeder Verdugo,Partido Revolucionario Institucional,Mayoría Relativa,Baja California,2,,,,,@FernandaSchVer,,Cirujana Dentista,,
M,Víctor,Serralde Martínez,Partido Acción Nacional,Mayoría relativa,Veracruz,13,,,,,@VSerralde13,,,,
M,Rosendo,Serrano Toledo ,Partido de la Revolución Democrática,Representación proporcional,Oaxaca,,3,,,,@RosendoSerranoT,,,,
M,William Renán,Sosa Altamira,Partido Revolucionario Institucional,Mayoría Relativa,Yucatán,1,,,,,,,,,
F,Martha Leticia,Sosa Govea,Partido Acción Nacional,Representación proporcional,Colima,,5,,,,,,,,
M,José,Soto Martínez,Movimiento Ciudadano,Mayoría relativa,Oaxaca,1,,,,,@JOSESOMA,,,,
M,Jorge Francisco,Sotomayor Chávez,Partido Acción Nacional,Mayoría Relativa,Distrito Federal,15,,,,,@Jorge_Sotomayor,,,,
F,Dora María Guadalupe,Talamante Lemas ,Nueva Alianza,Representación proporcional,Sonora,,1,,,,,,,,
F,Margarita Elena,Tapia Fonllem ,Partido de la Revolución Democrática,Representación proporcional,Distrito Federal,,4,,,,,,,,
F,María Rebeca,Terán Guevara,Partido Revolucionario Institucional,Mayoría relativa,San Luis Potosí,7,,,,,,,,,
M,Jorge,Terán Juárez,Partido Revolucionario Institucional,Mayoría relativa,San Luis Potosí,4,,,,,,,,,
M,Marcelo de Jesús,Torres Cofiño,Partido Acción Nacional,Mayoría relativa,Coahuila,6,,,,,@marcelotorresc,,,,
M,Sergio,Torres Félix,Partido Revolucionario Institucional,Mayoría relativa,Sinaloa,7,,,,,@SergioTorres7mo,,,,
F,Araceli,Torres Flores ,Partido del Trabajo,Representación proporcional,Veracruz,,3,,,,,,,,
M,Tomás,Torres Mercado,Partido Verde Ecologista de México,Representación proporcional,Zacatecas,,2,,,,,,,,
F,Crystal ,Tovar Aragón,Partido de la Revolución Democrática,Representación proporcional,Chihuahua,,1,,,,,,"Lic. en Mercadotecnia, maestría en Población, desarrollo y Políticas Públicas. ",,
M,José Isabel ,Trejo Reyes,Partido Acción Nacional,Representación proporcional,Zacatecas,,2,,,,,,,,
M,Javier,Treviño Cantú,Partido Revolucionario Institucional,Representación proporcional,Nuevo León,,2,,,,@javier_trevino,,,,
M,Pedro Pablo,Treviño Villarreal,Partido Revolucionario Institucional,Mayoría relativa,Nuevo León,12,,,,,,,,,
F,Aurora Denisse,Ugalde Alegría,Partido Revolucionario Institucional,Mayoría relativa,México,19,,,,,@denisse_ugalde,,,,
F,María Celia,Urciel Castañeda,Partido Acción Nacional,Representación proporcional,Nayarit,,1,,,,,,,,
M,Juan Carlos ,Uribe Padilla,Partido Acción Nacional,Representación proporcional,México,,5,,,,,,,,
M,Simón,Valanci Buzali,Partido Revolucionario Institucional,Representación proporcional,Chiapas,,3,,,,,,,,
M,Jesús Antonio,Valdés Palazuelos,Partido Revolucionario Institucional,Mayoría relativa,Sinaloa,5,,,,,@chuyvaldesp,,,,
F,Aída Fabiola,Valencia Ramírez,Movimiento Ciudadano,Mayoría relativa,Oaxaca,10,,,,,@aidavalencialox,,,,
F,Cynthia Noemí ,Valladares Couoh,Partido Acción Nacional,Representación proporcional,Yucatán,,3,,,,,,,,
M,José Luis,Valle Magaña,Movimiento Ciudadano,Representación proporcional,Jalisco,,1,,,,,,,,
F,Lorenia Iveth,Valles Sampedro,Partido de la Revolución Democrática,Representación proporcional,sonora,,1,,,,,,,,
F,Elizabeth ,Vargas Martín del Campo,Partido Acción Nacional,Mayoría Relativa,Guanajuato,3,,,,,,,,,
F,Nelly del Carmen,Vargas Pérez ,Movimiento Ciudadano,Representación proporcional,Tabasco,,3,,,,@Nelly_Vargas,,,,
F,Laura Guadalupe,Vargas Vargas,Partido Revolucionario Institucional,Mayoría relativa,Puebla,1,,,,,@gpe_vargas1,,,,
M,Martín de Jesús,Vásquez Villanueva,Partido Revolucionario Institucional,Representación proporcional,Oaxaca,,3,,,,,,,,
M,Ponciano,Vázquez Parissi,Partido Revolucionario Institucional,Mayoría relativa,Veracruz,21,,,,,@PoncianoVP,,,,
F,Regina,Vázquez Saut,Partido Revolucionario Institucional,Mayoría relativa,Veracruz,20,,,,,@Regina_Vazquez,,,,
M,José Humberto,Vega Vázquez,Partido del Trabajo,Mayoría Relativa,Tlaxcala,2,,,,,,,,,
M,Marco Alonso,Vela Reyes,Partido Revolucionario Institucional,Mayoría relativa,Yucatán,5,,,,,@MarcoVelaR,,,,
M,Víctor Hugo,Velasco Orozco,Partido Revolucionario Institucional,Mayoría relativa,Hidalgo,3,,,,,@VictorVelascoO,,,,
F,María Guadalupe,Velázquez Díaz,Partido Revolucionario Institucional,Mayoría Relativa,Guanajuato,7,,,,,,,,,
F,Diana Karina,Velázquez Ramírez,Partido Revolucionario Institucional,Mayoría relativa,Chihuahua,9,,,,,@DianaKarinaVR,,,,
F,Maricela,Velázquez Sánchez,Partido Revolucionario Institucional,Representación proporcional,Morelos,,4,,,,@MaricelaMVS,,,,
M,Amilcar Augusto,Villafuerte Trujillo,Partido Verde Ecologista de México,Mayoría Relativa,Chiapas,3,,,,,,,,,
M,Jorge Iván,Villalobos Seañez,Partido Acción Nacional,Representación proporcional,Sinaloa,,1,,,,,,,,
M,Gerardo,Villanueva Albarrán,Partido de la Revolución Democrática,Mayoría Relativa,Distrito Federal,24,,,,,,,,,
M,Luis Alberto,Villareal García,Partido Acción Nacional,Representación proporcional,Guanajuato,,2,,,,,,,,
M,Ricardo ,Villarreal García,Partido Acción Nacional,Mayoría Relativa,Guanajuato,2,,,,,@VillarrealRic,,,,
F,Blanca María,Villaseñor Gudiño,Partido Revolucionario Institucional,Representación proporcional,Michoacán,,5,,,,,,,,
F,María de la Paloma,Villaseñor Vargas,Partido Revolucionario Institucional,Representación proporcional,Distrito Federal,,4,,,,,,,María del Carmen,Pérez Jiménez
F,Martha Edith,Vital Vera,Partido Verde Ecologista de México,Representación proporcional,Chiapas,,3,,,,,,,,
F,Alma Marina,Vitela Rodríguez,Partido Revolucionario Institucional,Mayoría relativa,Durango,2,,,,,@Marina_Vitela,,,,
F,Beatríz Eugenia,Yamamoto Cázares,Partido Acción Nacional,Representación proporcional,Coahuila,,2,,,,@BettyYamamoto,,,,
F,Elizabeth Oswelia,Yáñez Robles,Partido Acción Nacional,Representación proporcional,Guanajuato,,2,,,,,,,,
M,Darío,Zacarías Capuchino,Partido Revolucionario Institucional,Mayoría relativa,México,5,,,,,@DARIODIPUTADO,,,,
M,Alfredo,Zamora García  ,Partido Acción Nacional,Representación proporcional,Baja California Sur,,1,,,,,,,,
M,Fernando,Zamora Morales,Partido Revolucionario Institucional,Mayoría relativa,México,26,,,,,@Fernando_Zamora,,,,
M,Fernando,Zárate Salgado,Partido de la Revolución Democrática,Mayoría Relativa ,Distrito Federal,17,,,,,@FernandoZarateS,,,,
F,María Beatriz,Zavala Peniche,Partido Acción Nacional,Representación proporcional,Yucatán,,3,,,,,,,,
F,Ruth ,Zavaleta Salgado,Partido Verde Ecologista de México,Representación proporcional,Distrito Federal,,4,,,,,,,,
M,Francisco Alberto ,Zepeda González,Partido Revolucionario Institucional,Mayoría relativa,Colima,2,,,,,@PicoZepeda,,,,
M,Damián,Zepeda Vidales,Partido Acción Nacional,Mayoría relativa,Sonora,5,,,,,@damianzepeda,,,,